,tier,summonerId,summonerName,leaguePoints,wins,losses,veteran,inactive,freshBlood,hotStreak
0,GRANDMASTER,h2KTAIj2qPE209kDRkkZMicoVpxCTz5fvjkBdROhLp4EpiY,awdqaaaaq,627,753,718,False,False,True,False
1,GRANDMASTER,FApFheTaoePXDEJ-Rk4PGuEhIxJcfY-Lu35tDD48p1OtW7U,내 플레이에 집중,324,377,355,False,False,True,True
2,GRANDMASTER,CbZI4uT1X_kekE2YNycV6L2OYfXMzPETcpwSiIkikYQJc8s,liuyanyi,275,643,623,False,False,True,False
3,GRANDMASTER,k9aulE5IYD8ES0exNNekbHhuPfTReyxihSHMeKOp17-Agc4,깨기 싫은 꿈,593,210,175,False,False,False,False
4,GRANDMASTER,_qnwFKSoA1n1wHki49D0ti24vrPF7cfwoRyOPXteqyKprHY,99River,580,220,187,False,False,True,False
5,GRANDMASTER,_w5l7pXIIM3lRjAzMjJzoDwzV-WmlkkLq_QxvNMRmFP4ELA,Tks Bengi,417,388,360,False,False,False,False
6,GRANDMASTER,ctzwkfosp2eRR4piUtVGWEKtnauqkItBYwEWrtvJY4hUeao,덮밥9,408,735,712,False,False,False,False
7,GRANDMASTER,FuMD9zqAuacmicZeQtD9F3wPSZcBcz7DXjgLyUNnhMm5IpY,srysrysrysrysrys,482,492,454,True,False,False,False
8,GRANDMASTER,k00M6mvndPC183Rp8LqkcreZt0Yd9ExPVG7r3471gWjYuVo,hyckrrwzsn,633,957,918,True,False,False,False
9,GRANDMASTER,IddDJEnwV1s-Y3xomteef_ymyPq5KajKqRt0pRhjELamMw,기도메타올라프,304,262,239,False,False,True,True
10,GRANDMASTER,dp1iyIbMbKhln60rYj9ssk_1-5rZTkRWWHvK3keGHcoPClI,A2 c1msu6,332,443,398,False,False,True,False
11,GRANDMASTER,Gta8z4BqYHtbUNlt-oX0-I4PVtJif4dCpjNfl7UR0SKkZNM,징징이는징징징징,401,616,584,True,False,False,True
12,GRANDMASTER,akRTw-pT4QiTAdMh9ZbvlGiqpsf9AnFqGZ1Pc9h_1FTP24k,BIank Space,570,474,452,False,False,True,True
13,GRANDMASTER,oAO8bCl8x2dHMHdf-QUcwbemkesEEgHsem_4LWxpNHk99Q,10월 토끼,361,94,57,False,False,False,False
14,GRANDMASTER,UiF8LO8lIhpl2rHHaerU1zf_TWxIJdMSB8-CWMPmeQfsJvo,ZOEKlNG,535,101,66,False,False,False,False
15,GRANDMASTER,ja52sHUj2enXLBKnT1-rZtdyt72931yMuIQZEilXSRLxwuY,Bj무루무루,376,286,253,False,False,False,False
16,GRANDMASTER,YxBRMEazFsiFKoZWZva7uZ2EL4Oemd86PV_odgHYhY6-R08,충대20응생김연욱,334,569,546,False,False,False,False
17,GRANDMASTER,O-ucNcHcuIxxVVeXKAatL1Uye3AFZzYvsfom7_JNw2idrR4,MCX Bruce,550,670,633,False,False,False,False
18,GRANDMASTER,R-l23yduQjc3ShIwDBwz_ruN88mzNkGSvunBOrqagBT78lA,KDM HIPO,391,420,368,False,False,False,False
19,GRANDMASTER,gLBmVrakF0UI3DttGbjmn5nGG1-X66aK--cadMuACcpWyOs,하하나야,497,336,301,False,False,False,False
20,GRANDMASTER,OdKSvfDtlGFObyYLu4D-HDIvzrEJoVL9oowyXHG0HRvDL88,nice puppy,605,330,293,False,False,True,True
21,GRANDMASTER,ULZ-k5Jgk1Af1NdZohDIehhmEvHsYMMdLj4mPPA7Wr-56Gg,네버rland,403,598,564,True,False,False,False
22,GRANDMASTER,FazlsxME7P2piXboHpq6VnyDNQ2nam7FYF8tLmxfXG4C0w,JongSeop Eun,468,243,206,False,False,True,False
23,GRANDMASTER,SlV4vOPnHGv-Q6PgJGA24QxtuGNCxfnDl0GTmkJ4fSBXfKQ,PREE,380,231,201,False,False,True,False
24,GRANDMASTER,kb_OTvQkARJHXYCu3jXV5aBUfK0EpersRraE8WGAClHT74Y,울부짖는보노보노,624,783,744,True,False,False,False
25,GRANDMASTER,lA5Lj46eyz19WWCbx6qnALXr9Bj6uXPZSstf5o7QyW9NybA,TnToT,304,627,607,False,False,True,False
26,GRANDMASTER,zSiCqYXGgQXeS5kQ12auOvAbFP1IP7IiVYOaH7Un_fWJ5KY,부릉부릉띠띠빵빵,542,569,531,False,False,True,False
27,GRANDMASTER,bPnr8r-MAkzZAfN5wBCWwRHP09UDzOtV7BV2Sh4LOrI5wPg,lavazz,328,224,208,False,False,True,False
28,GRANDMASTER,STv4bfHNLljGPo0DD0HBiMf_DGiDPB7WW9d-LJXu248zlAu7,용현중 최우제,294,188,161,False,False,False,False
29,GRANDMASTER,2ePRfRQ8mhTrqMYIBkvE86TUTGdVWCoif-w4o1B7obBlR_M,evil evol,540,424,379,False,False,False,False
30,GRANDMASTER,-SVTigbWMKyEZZ7oRc_l0gOoAlyQvvvodogocxAP1ui3nOk,DRX Ggul,337,415,382,False,False,True,False
31,GRANDMASTER,19bEF56VWNJme3rNOpESw-m4Wg-VlEhwjiReVKgzJjp8IrM,xiaomochuji,453,446,341,False,False,False,False
32,GRANDMASTER,hzkM-uu1SJJx4Arbf5q4cO_PPTyJFMCeM25ZYrA9KyjZieY,sosyy,286,775,745,False,False,True,False
33,GRANDMASTER,izsV-k9JRUmAvg-Ep_rVLgFZ-h6HKTXa6i-n5oUVjcm0z2s,망나니탑황족정글,362,182,147,False,False,False,False
34,GRANDMASTER,sTd5wAKArwm1ejb0B7n4v_mC_xLXv7Lppr91nyqA5vdeoes,Curious PoP,379,175,151,False,False,False,False
35,GRANDMASTER,sad8xtdiSPf07hKbG9axIRWqx0Q09H7gRlO_H1UcTp_KN9Q,Wecanwin70,445,814,795,True,False,False,False
36,GRANDMASTER,9DGE0lP5unyKsaudZUFmYwYbAlV_xlcyPjf6aes1gMUlFJU,xin dong yao ni,453,424,393,False,False,False,False
37,GRANDMASTER,NmoZyijY7zsJ9sEyqUie4auR9ErUbho5RwPD9grKon4q7Cg,튀자튀자아,301,465,451,True,False,False,False
38,GRANDMASTER,Krn8OwZFrVEl-YpiOlw1-JAa3cFeY2uKyPBmH4_G5q16qtU, Flower monkey,278,346,244,False,False,False,False
39,GRANDMASTER,vlRjfvzR_TnHiC4yhkt2G4As6NV4szbPSe4KOIjvFhQElds,군빵맨,614,568,531,False,False,True,False
40,GRANDMASTER,7eIvRMzlMnjBvhTkDuTv6MxHX0Pj3fc1Xe2mxamZmJT1iBc,미드프로지망인,590,194,155,False,False,False,True
41,GRANDMASTER,1HRgxTD-TJab5b8GyZeEyUJhkuqg6xognOU9GzZ-Nle-ysY,321321123123,488,407,376,False,False,False,False
42,GRANDMASTER,gL0dGyAg7pvL_sylvcmi6UfJ8QHvjReqSHYScPASkpA4Ut4,szygszn,551,714,683,False,False,False,False
43,GRANDMASTER,yco8zL0KC2TuEaZ3N2yyJNGMg7lHriWJB2CXzE7NxwPjSc8,갱붕이,381,332,285,False,False,False,False
44,GRANDMASTER,3wIFYDoqXhOQRbF0Wc9cwUBbIf3QKp7DJki0518qGe9FQVA,Saw 1,474,572,533,False,False,True,False
45,GRANDMASTER,tq5zDY4uHPM6OAkU8HMn51tKWUXs2hB3hT8IW8OYZdEzbuA,홍콩반점 매니아,372,115,76,False,False,False,False
46,GRANDMASTER,eowb4y9ho42Abdi_NvQeUy6qmgHytb4XsqQ_-dtHsk_QRg,어니우기싱꿍꼬또,627,263,230,False,False,True,False
47,GRANDMASTER,ruu7sKAuLeINXhjfvBbPA5HuEWzubGn_D4to2UX08dqid4g,hf ghkyu2,513,384,353,True,False,False,False
48,GRANDMASTER,EX11ge6-KEUjlZRGE-N_t5lUImm9gLmU3b8nuWM1ZM1gdKk,Calm down win,515,306,276,False,False,False,False
49,GRANDMASTER,h9XpKSTUTqdMU2F0wu8byl5se7Kgh-q72sBCf0uloDUMors,One last hope,432,203,144,False,False,False,False
50,GRANDMASTER,RTI5V81hHbBbqGYDFR_T5X4yrkeYmnOEuMZkW56l2Hgc954,asdf숫자,303,254,241,True,False,False,False
51,GRANDMASTER,WxIIQ6RAZhcDPwqhnNwyNCUuA5OQTxCkxAJcjxHn08_hu4Y,운이좋은boi,566,386,341,False,False,True,True
52,GRANDMASTER,nz3jj5zWMrALDFt2l2itXuIgtBPv5MrTi_LwFmeA5iSzwF0,Bu sheng xiu,400,227,179,False,False,False,False
53,GRANDMASTER,PWo2_bu-cnctHpiVG5_vHHiBJyXYg-pMdezfePppRzYErhs,이강표 종칠거야,282,666,632,False,False,True,False
54,GRANDMASTER,HKnslo1T_wyugRgrkNrV-zcZVkJwOsFS9DGBdozVUltoWVE,핏빛 계약,535,246,213,False,False,False,False
55,GRANDMASTER,18-H-TFkYuclWWpB8iqO6j2j9ECwfm4s_7z8W91lZug17Ng,저쩌라구요풉,312,283,264,False,False,False,False
56,GRANDMASTER,aqjxH22XUjpoP3Ciq9e3rfKUwAoQqfiCvf2-fXqtt6skbBw,Drx Natalian,468,411,368,False,False,False,False
57,GRANDMASTER,Q4br2vPgGydTI6z0Ea1HydXikNNIT_BUn3viKxQpDEs2rEU,기호1,567,293,261,False,False,False,False
58,GRANDMASTER,cSUQV89I715fiiuG-M68FUXnd9HSvct6DrEL0682s07IzLA,EM Karas,564,697,651,False,False,True,False
59,GRANDMASTER,4rctyQ3eATn8dphFU0_EYqI2RqC2BD22mQ1RIZSXLyF8sw,OZ SoaR,330,135,111,False,False,True,False
60,GRANDMASTER,wAQNRI0gEGk2qopFBTrahFrDAldJjh0uXetEIMtVW62Ij20,이것으로마칩니다,275,346,329,False,False,True,False
61,GRANDMASTER,-Z1nMVYUimV6P0dEaGBVZ6vQfUJM0YHMzdJIPzrzPz2lz38,무우오렌지형,572,525,505,False,False,True,False
62,GRANDMASTER,Q0c_CycwbFB0Y32Ipegqz6PQYJsL-SOFeQXfE1X3_XwhLcc,iuiuiuiul,354,461,415,False,False,True,False
63,GRANDMASTER,mXybpxb1WR9ebu8xPPE2Ge8_DntmbI2x0Ci9z9uBNvHW7S8,01087135748,353,309,270,False,False,True,False
64,GRANDMASTER,I8_VeeCK2sty6kS6D-4CDD9ElldTrCG1f3yilLT6MEa5Zqg,Nirvanazz,551,803,817,False,False,True,False
65,GRANDMASTER,UDwqTV3rYOfnMWxTZ5N80UnX0L9bXxDLewvE0t5m0fZ5lQ,mingkey00,494,229,180,False,False,True,False
66,GRANDMASTER,hMGoIi4cPg2aFIXdnzFEr4MjZh9JDAqhqeM47Lf8aOB-o1Y,yangyu XD,552,322,271,True,False,False,False
67,GRANDMASTER,ikRA-OsLL1AgI3KeZV9sAUVMjUIFdE_YF_DaEwqQWYP6-wE,Lumen AD,513,324,217,False,False,False,True
68,GRANDMASTER,oHNe8seWfBaCqM8yO2M0RtcgxmZ1BpF2isLh28lFB8yhREg,물다이아123,291,146,121,False,False,True,False
69,GRANDMASTER,9zgWvBKJWk_O-CMb2TqIS3ieyXvCQe5FVgKGssChb2Gg2Fw,MCX Gemini,423,499,468,True,False,False,False
70,GRANDMASTER,wvzRCHqVdFwptYdqeUo0cezKh6qsgidPZ671IPSkp4Aq1Lg,hongyanmeimei,282,551,528,False,False,True,False
71,GRANDMASTER,k768nDWf_SMP4OFk3yBPdP1enERF93BVRERuIqYuoHoxy3g,cong dian bao,621,470,490,False,False,True,True
72,GRANDMASTER,yqSLwJYbkb-xi3eDcRvDDl7UDXy-Zk5g5itS2ZmfT9mjDtg,그녀의 애완견 ,452,229,96,False,False,False,True
73,GRANDMASTER,hd2xr682ZzI_6lwoZ-fzOiVZcqKM25aa4jY8eV6SeuAgqtk,녹차라뗑,464,799,791,False,False,False,True
74,GRANDMASTER,pWAhEhFVwZp7iRHF51igo-AcaMqOwU5t17XFBvyNIj8pwBY,Un0wn,302,348,329,False,False,False,True
75,GRANDMASTER,N3_EUrWvncT8YZx32yvXOLBB55vYN0i7AYuvuJTRC9pJKYw,BLG ADD,591,115,80,False,False,False,False
76,GRANDMASTER,CSg_87nGQF8c6Q_ShMUsQW6oVADgsl6Fz1ddzzDBE3-wJbI,Meow 0w0,449,180,144,True,False,False,True
77,GRANDMASTER,STPUlziA8fSqMEEpsLVUsdBnwOGuGOfwSkoVryaT_llwr10,qkrtjdals123,340,261,233,False,False,False,False
78,GRANDMASTER,y9OnlKnOU75BHaJtjSsi9_N1NKqxftX06dmW3bl0Hu1XNg,p2nic,566,104,105,False,False,False,False
79,GRANDMASTER,Ay5Mpu2aYq9EaRclNsUrsY2JhPxBBrM3353BLRxPyGR4CBw,Augenstern,292,698,620,False,False,True,False
80,GRANDMASTER,ljIsvq2Tlxgquz-WTGFNr7CP4E1HkUpVCO32tNUoiB51g24,fkyyyyy,326,955,940,False,False,True,False
81,GRANDMASTER,QvJbwOq689eK_0PXmwyf4N-sj6d9GEIN9y_iw_znxMnwWCw,중식이2,291,519,498,False,False,True,False
82,GRANDMASTER,Aa82BQrgmg-rI-e38xJpOOy9gAqwAhaY6IFpIEaFnvRz83U,Easy 1ife,435,523,507,False,False,False,True
83,GRANDMASTER,JNyms_VyX4JCHLBHklE3lnzR76nInQqXyawKhFIiQWaHkGg,벙댕이,327,313,281,False,False,True,False
84,GRANDMASTER,ieEAiXpdRQJfzuiexXM_QpOKaWvwfk9QIY8suI7g6jaUOjQ,no hope team,555,377,336,True,False,False,False
85,GRANDMASTER,pfPuyVbUjZlW2aYRlCaabsNqTkxAxlhGHcJN7phLj9VoU2Q,Rage on,317,458,423,True,False,False,False
86,GRANDMASTER,p_KlaKZYCHQU_MoNI1ZjU-KWL4Z1JtefNjc-JDM5RZ0PiWI,강주연,311,319,301,False,False,False,False
87,GRANDMASTER,D3Hf9zINVjdvwHrV_KvUxTwG5v9fOMmbcddTl-3jmGpiHO0,원딜은무기력하다,293,194,166,False,False,True,True
88,GRANDMASTER,xJRzVuhrnQGyKG4IsFcFwyqdK0etL8TsMZuSLy1viLR8Z1g,tiancaipaidaxing,312,581,561,False,False,True,False
89,GRANDMASTER,Pl3UEBmEbSyOVdxVmYnlkkpkVCCWvpplfHyzSheMt653AJ8,persistently ,385,410,373,False,False,False,False
90,GRANDMASTER,v1TWmf-AspLQQzJMjoTs1D49jwh4gu7qNBn0noxtpdh8Ikg,건강하셔요 다들,526,457,411,False,False,False,False
91,GRANDMASTER,VxBZpakDg2dlsn0_QZj4GXQyjqwNbV3Ap2v5ms78fln_A7c,자격이 없습니다,627,675,580,False,False,False,False
92,GRANDMASTER,HamdckcPbCmHsc9wX_Eojnv-gcqe-I7O2EiU9X0krg33kw4,BOWNOW,601,296,277,False,False,False,False
93,GRANDMASTER,9gdqFOYGRqYSFlAzeOzpkFmRZjgCVnaEWOM9R9kn09UwMLE,에스카노르 킹,454,393,370,True,False,False,False
94,GRANDMASTER,xL3v1Dl7T4iDKHcu50lTaT1oJHueViB3rze5hUp5-0_nu3Y,yyyyxxxxzzzz,590,752,707,False,False,True,False
95,GRANDMASTER,iVmkOEVC1Sa7J1quweck53OVfPyZcrgwN1m1TJsmV7EPJj8,AF Na Kyung,555,468,423,False,False,False,False
96,GRANDMASTER,xW7ihH_F40AhL0vWif_qQcizmrCOOuKQ_gzhxQtToXSHIA,novelnandos,304,299,267,False,False,True,True
97,GRANDMASTER,Lw2zKvKWOQdem4tQ6FNtNXH9cCpx0tOB9z1hxi2wLIxmCA,GoongTube,300,509,487,False,False,True,True
98,GRANDMASTER,tB3sWJYTh9sPLmT2ERUYz8HmhQ1wfxrfqwemPZlwRFOOK48,T1 Cake,378,426,391,False,False,False,False
99,GRANDMASTER,dbgHQvHbty1NRndJ1zikBenE8hIOmMCzkF26IAxXABmOioY,bupingfan,350,338,299,False,False,False,False
100,GRANDMASTER,Ci2YQLvhrUsRVCRLK75bI7ha7IGXnm2O62jKSvypkKDU9Vw,Clever7,473,315,335,False,False,False,True
101,GRANDMASTER,jaAnDJVNyr7kobVdyT0V_xk8CQtHIFEAH9n9366q1QcQ19w,무감각 해 졌 다,431,545,513,False,False,False,False
102,GRANDMASTER,YHYc659UUTF8a_Xe8dXfTH7-mgyezLb7PElrIrznCMWZEFA,m0wgli,474,431,415,True,False,False,False
103,GRANDMASTER,cjDRYSvxWseQyrqoviaWjZesBAUU1AY1ar7acD9CEYICmCU,Gen G gyuvee,323,932,932,False,False,True,False
104,GRANDMASTER,ZVKSZsg-YpupokulFX8otYwKAONLLV0VJyGN73oH8wg5EH-T,NVM IDC,397,171,93,False,False,False,False
105,GRANDMASTER,PwRHbWpSX4XB21zltSaL7hFq1EoQgzQwW2dHOjjeSXWSQsU,yutazz,543,382,336,True,False,False,False
106,GRANDMASTER,QtR0yFepW6kR59xqDEEswiApBzsWqv62natRwyynaxRoa7A,T1 Phantom,559,762,714,True,False,False,False
107,GRANDMASTER,Z-qjBMIHzZEoEr_etoPSYpjG8l9bwcRAy_81oPeOA28fsA,BRB Ming9,307,503,516,False,False,False,False
108,GRANDMASTER,VyZfKARhQVM12i3A95p-gRHx1-VfkF4ow78z14DFXsPHaLM,불질러,460,224,225,False,False,False,False
109,GRANDMASTER,2Tr9x3MmreXZmZuor1s7ASvMMTr0Ytfzo4QwCN9dIgSYMVg,액쇼니,400,530,513,False,False,True,True
110,GRANDMASTER,dElw-AmAbJ7kFlXPUxfIks1xmKf25nl4lGicvJtmCnmTVVQ,like cs,434,584,594,False,False,False,True
111,GRANDMASTER,yS563xtCXZwRPJsj60YlGeVLhOQTH2wnInYa_cRbv9pZpg,하프실,523,186,158,True,False,False,False
112,GRANDMASTER,GZ6LyCawMbNe84MtPU7AvDW27YkgBo-9zrQRl-IXT-L1IDE,귀신월령,456,255,135,False,False,True,False
113,GRANDMASTER,02pTIJjA1WzTH05JjRikN_JG_FTO3veeNdzBE3-iedxVRt8,Aorlf,530,724,686,False,False,False,False
114,GRANDMASTER,MmzAJoXpFQE2YwvUBi8HzUSE68ycDNaPtNIe6ZrRTc-a7eM,QyO,430,145,111,False,False,False,False
115,GRANDMASTER,sZWSbl9GolyLukMeTja_LJiF-EAPMXYKwZdXn9K-z7-WMxE,Fortnitee,321,429,388,False,False,True,True
116,GRANDMASTER,6ThlubUu8PrYIT_M95VnnrZBKWwRb9C3rLr6lOn5He7FJ_M,IAKIL,387,992,947,True,False,False,False
117,GRANDMASTER,xdfBbvHlnOD6EDAeF0VHTz6VeREdrHBBV8_iQP77yI16Sqc,현실와꾸강동원,324,255,235,False,False,True,False
118,GRANDMASTER,3aLONBbhDFHshAaTlAIeWZbWOKlbsVW-6SA5gDcJW-lj6Ys,asdrqwed,372,519,485,False,False,False,False
119,GRANDMASTER,kzP9Unhob5M13j2U7f_JLp8qHKR8w3UCY8oYvqn2OYpNQ9s,vvi2,349,152,124,True,False,False,False
120,GRANDMASTER,C8nc9UVb5h4cIT7CB94yQNzZLFk86hqq9H5Qd74XwXKZNvQ,QAQPrada,354,328,237,False,False,False,False
121,GRANDMASTER,xuifwFVwVanI-dW_ILb6q9c0bg0O8SDgPTvjL_hUyyttipQ,BRB Tang,370,676,624,False,False,False,False
122,GRANDMASTER,UlDePJGrr15nQNd2LC5k6NyYeloVHqdfJCQQykI5aa7s5Ew,ye tu le TnT,329,835,736,True,False,False,False
123,GRANDMASTER,l-ZNuETxNdICVRPaMbDFxbN5SuZXz0ZOhl8oqToeHxawfXQ,happy game 24,291,175,139,False,False,True,False
124,GRANDMASTER,sjEcID0jutMDAP_NR1YUhI-u2DUV628DtyglqZ5vsEof5Qw,love korean12,382,834,778,False,False,True,False
125,GRANDMASTER,hlccQMMVRjfFRPSPNh467v7vpdNSZ9a21P6lOJTW7a1dNw,PMD91,586,425,388,False,False,False,False
126,GRANDMASTER,aQAFaddsDZt0HdV7QQw4p37TY6oo2XfB680yftuPzQBccU4,bye my love,598,535,500,False,False,False,False
127,GRANDMASTER,Hvo1SrZA9-PrzXvPt5v7tM5xyP8zVaxiRgrC1ccOpAS4UIE,담원게이밍 FIame,279,972,966,False,False,True,False
128,GRANDMASTER,SzA8kn0xrHLt7QCMxZpjXfV5aFuKqQRZ1-KQf9nX4UohNw,Heimish kingmono,333,112,76,False,False,True,True
129,GRANDMASTER,2-MtWo81kFbUTB-Vqo6K5vEr_AvMXKrOSwAom-RVqFicsjM,EGOkr18,328,783,752,False,False,False,False
130,GRANDMASTER,TML0eSKq5TjqUiKISsuRUVozmEIpenF2ATlpvQMmhuzhuOE,Azhi OuO,389,485,435,True,False,False,False
131,GRANDMASTER,PobjjJgWrycgrXPlOaj3n8Ac8AwFp9akz9XIIrINtxzzmnU,yekongdexing,363,349,344,False,False,False,False
132,GRANDMASTER,Cm6hkRM-voehh2qmXIxS8hI-4kXkqQGjhnAbQsWqlQbeg_0,blissYYB,477,826,731,True,False,False,True
133,GRANDMASTER,kZ3v4q56y7TF9evVlm8-QKjvWuGy_W_DulcLw7_ewcLPKCM,MS66,429,114,86,True,False,False,False
134,GRANDMASTER,okDdT8rYt74Vc77PBGxE5jIW2xpNoFeehevHN8CQRGpfVvU,SeongHw4n,301,145,127,False,False,True,False
135,GRANDMASTER,4HNLQfOqshicISoUdi8cnJMymn0O2dm7JPsu1rdZ1qyOW5g,DFM SUP,415,178,157,False,False,False,False
136,GRANDMASTER,-bMj2BcPs8YGlimwuXKegHmVx9Y6oL_DSw_ZdIIMHH6VyD4,EC1996,497,1023,966,True,False,False,False
137,GRANDMASTER,touD2aXV9gPgG-Ol5Nkjj3Wv5DdLpcqeCmRmWGstgGBwltc,Gen G Lospa,438,215,177,True,False,False,False
138,GRANDMASTER,gAhiAT-NiRez6Y5mkxgfqhPaiaJis5BxhjOBr3KbrlnkeA,DODARl,308,188,150,False,False,True,False
139,GRANDMASTER,7CL0PmYy7psy3YZDwnsUMIClzV7c57jqlj-dNJe2p-A5Sw0,Iove doinb,383,635,603,True,False,False,False
140,GRANDMASTER,zs9RCpp0n2Gvk5D9B723Vxd8nfK2-i2WAamBoHKWVHILtlQ,안아프게 맞는법1,315,409,314,False,False,True,True
141,GRANDMASTER,2SeiN2YHjVkGD4XGKHeAfS0wh_pHIiD_IHSLkOjbJxdIWTs,lai zi shen yuan,659,365,315,False,False,True,False
142,GRANDMASTER,WsPzm7oFhJDdKvvyzWkYHFbfKOItiZ6SNDg47peerygp7nY,gjjefdj1fadsk,364,269,194,False,False,True,False
143,GRANDMASTER,bxDBnxd2YGyZJkqr8FZiqNcUIYeCiqzNL6TozJclbxnfKPI,HLE Vsta,521,137,109,False,False,False,False
144,GRANDMASTER,9BpJaX-7J7GRsNIxrKaMMUcYOLw0Mt6izc2mZL0q_GOznmg,정말요,291,237,207,False,False,True,True
145,GRANDMASTER,iqjAFVtQANX5UUppZrXaopebly_CswfQ8gvUKzceZ2VkvqM,EawqaaAOVO,537,508,475,False,False,False,False
146,GRANDMASTER,FgqF9IDLyj6XHqO1gQg3EH6mbDLjA3PNoADVIz2tvqH9RLc,Gen G 무,639,758,713,False,False,True,True
147,GRANDMASTER,XiHQGxGWy96sEfepUB6DPihV7v2oep0VV8Bi_pzVmOnaa70,dabudongle,473,538,451,False,False,True,False
148,GRANDMASTER,cj0VIpoudKBTfR9Xu97GVzk39GPDjKSlojqZIv8Q4D5Iqg,T1 SailorMoon,390,326,260,False,False,False,False
149,GRANDMASTER,UDwmsmXTs28A86GakLGwz1sCCdh8yTUDN32cd6634d55RHk,모찌피치모찌피치,627,634,595,False,False,True,False
150,GRANDMASTER,V27nvdN-LM_kDXEg3aSkdT2LilRS5tjctnL5kwqHG--hcxM,Poursu,407,317,287,False,False,False,False
151,GRANDMASTER,WhSIJAvdxtFoic9Gu-O91Ct7k4U5YorcX430vzIJ5Bi2pEQ,Jianguoqiang,397,722,696,True,False,False,False
152,GRANDMASTER,Wv_xeA-bhgHvbabYYLZQEMnna5Bk7sYLNTOaxl25DYraObI,비타민을챙겨먹자,319,642,635,True,False,False,False
153,GRANDMASTER,E5oFisridhwSfCljUEdqsQcsG9anMvCK_OLoKNx7CXkxdyA,발로란트 골드임,626,297,268,False,False,False,False
154,GRANDMASTER,tS_knx5uDnxIRJSSPJd0DCUlcnEvLoAY4hQeslC_brY0dKM,강뚱찬,377,387,357,False,False,False,False
155,GRANDMASTER,EpdrvH88eLzN5ymekIAo9yGw6497e-8van1zGrvR2rE3vQs,Find Team AD,363,486,474,False,False,True,False
156,GRANDMASTER,Rz5chBURoXhoedGGj2e6JAc0qsWbe0acXjs77x5PBm3cHnU,SAUC,613,678,650,False,False,True,False
157,GRANDMASTER,zWw1qODp2tCqm7ckTTGLNhpiyd2d0HnsalgUKZvEiow7Cjw,Gyeon100,368,468,435,True,False,False,False
158,GRANDMASTER,l0anHneD1ja64uly-LIcKBS-3papCaZYnO-mSJ4g8JWyvno,소년가장 원딜,516,308,203,False,False,False,False
159,GRANDMASTER,S73KJJwQ8XozKtBuvqt6CDR2LkSk_TyD9D5fHDRSf3iVmTg,t악  마,527,715,695,True,False,False,False
160,GRANDMASTER,K6kuNzyvKVoHEPzsKTK08S7WRWZAEjCFWn4Bc7Z0BGvX8Mo,정글차이노인정,353,184,151,False,False,True,True
161,GRANDMASTER,Cifsxn-Ku-UDiWF2yjrgwwAvrdzL1IXixPHHkDOs8cFEVXA,Best Wei ,503,363,265,True,False,False,False
162,GRANDMASTER,fro8DeQwp5L4nqx46zuD3kN7ACRMCb2xhhP7eWuWsMwZj_0,Fotune,531,431,389,False,False,False,False
163,GRANDMASTER,91nCjqnX4uS864JltMea64eQak_Xkcgy3iEC9AaYmOiDNUU,오류동 갈꺼야,313,404,396,True,False,False,False
164,GRANDMASTER,CWOzNo6-FtqqgjmKF8y3lJFxEvOGpk3g-2SG98NMu-OVpjg,식혜성애자,357,460,440,False,False,False,False
165,GRANDMASTER,z0TL-BLBzsf7Vlz6sD3xzj_Cfiw-2MkFBZ1wp4jxUomWh0U,shameiyouzi,546,320,299,False,False,False,False
166,GRANDMASTER,rdmZlQ2Jv-gYw1iu2D65gC4K3G5mo55w7QVPqG587VtagDk,삐삐계약,456,433,412,True,False,False,False
167,GRANDMASTER,NYY3Ik9HPLxv3bCu1BhrRJ0fP1aXyxTdfJrYSCwZ8LXdgKy8,응애세력1,380,148,120,False,False,False,False
168,GRANDMASTER,W3as4L2hpiC9J-66hVIMJX-7vJ2U7IHAR9ugNOSi2i0tpHY,sinabro1,299,155,131,False,False,True,False
169,GRANDMASTER,sSrCd43c5D3VY0S2bLm8seDhPySnadZNfmyT6RcDO5MER2Q,BRB Swamp,595,808,752,False,False,True,False
170,GRANDMASTER,s1kbYgSOiTQvbvZubF0w8UFRH4DajnKS0sW9LfmMEfLKvqs,쪼꼬맹이 딸기,404,341,314,False,False,False,False
171,GRANDMASTER,CbwOlKI6f-1Rw3E6Ba13jpd__Je-pBjmpVZsQtePcTiSb2A,승지부기,628,118,88,False,False,True,False
172,GRANDMASTER,myc6zZFs11OByoGG7vxXffWRKqcR4xBPPSmfi5Rq9cKL0WI,카루이나,323,271,245,False,False,False,False
173,GRANDMASTER,SraSPoMGQx8yilWu53N4o784hzzFWQ60IxKRuAH2M1G2e5U,last 1ast 1ast,619,184,146,False,False,False,False
174,GRANDMASTER,UHRQMdTcg10chem7L5ImGPyuj1-k-vxBb4idzj0sauxUvMA,ge ju tai xiao,421,321,270,False,False,False,False
175,GRANDMASTER,MFSuQ5NI4GSc7l1AkSclXB_0JNjyd5DaWk9m9x-wOOiL_iQ,ELaB Unisia,329,532,507,True,False,False,False
176,GRANDMASTER,TGn0zobpQd_iEpfgJgy31K0FOK2_JzbojyaF3dls_wLcRTM,Ar259x,559,416,387,True,False,False,True
177,GRANDMASTER,WO2Hhu6FE8dUJBVLIvvPPQH6fVzfWO3heJwEfJ0YQuV3SGU,인선이부하1호,317,151,124,False,False,True,False
178,GRANDMASTER,aG7qF2ZnCmYAFQf3xieds7OHCbdDM-2mN64WkAmKkJ9GSeI,li li wan xiang,303,385,317,False,False,True,False
179,GRANDMASTER,uO77anmtzno8H6r8B9Ce78VnJl88wKtopfdScTyIWKzMh7M,Milf Chocolate,571,281,241,False,False,True,False
180,GRANDMASTER,88l8IksOflylGOjQWT2ZMdAlPYEud1d-f3EQS5CnFfYmglk,야 핑 좀 꺼줄래,441,335,301,False,False,False,False
181,GRANDMASTER,1xQTtv3GfEorcoKX9KPZa12N7ktRlE7qeGbWwFA6buJljB0,iIlillisl,409,327,233,False,False,True,True
182,GRANDMASTER,cVd2KYbLFODj1YBLeWKCKShhkqoCXXISSD_jJrzrQSUJu9A,HLE Lava,444,459,438,False,False,False,False
183,GRANDMASTER,VWqhAL5sVXFGu1cr3OEMMAzBEl6jbagaEJDNJCqiP-Rb6F0,vt77,362,256,232,False,False,False,False
184,GRANDMASTER,Tbp-Yh_vfUR7j7XBewLwS_5o3-0iGQmC_q6b6gzypstKnVE,쌍수도,426,425,386,True,False,False,False
185,GRANDMASTER,x6693GvpHNVp6JFp0O2WZoZ-apmGGF89S8ZYG2lOBFvhfMs,홍삼유자차,336,212,180,False,False,False,False
186,GRANDMASTER,3GO4pVMn7uWzTw5JnlIm6j12UHKbL3xOtcZWaGSvOHMqpyY,Momoko1,440,509,423,False,False,False,False
187,GRANDMASTER,sliV1hMkbTIMG73LPA_dLoP7Bvv9TApAiwmCPC-qLjRmJA,요플래,307,362,341,True,False,False,False
188,GRANDMASTER,Owgak2nc5RvIg3qf651FOnx9i4LF3ZQTUMEjAs2tfy3YL54,변쌍호,306,114,84,False,False,False,False
189,GRANDMASTER,5NMsS0HDoOjFUZLKUASAMe1QimVq2qPexKx5zv_-Z55KD_g,TKS Teeen,541,619,574,False,False,True,False
190,GRANDMASTER,5wY7-w1kuU2Am7Jg1OPE-TA_4wFnoje1ir7v8qW0r40yRH4,성균관대 류동연,370,398,361,False,False,True,False
191,GRANDMASTER,XJQAp_IsItSTLMBznv_z5iYBvGbo6V3EjaCmVcXFfiqFL5o,huizhen,455,81,26,False,False,False,True
192,GRANDMASTER,H3SeGEkHtx4MSzTvnILLm9SJISfeGekfWDAUTiE917u31Q,압도적인,579,145,134,False,False,False,True
193,GRANDMASTER,0hG5VqiX9WTyG2z72UnkE52f1erGguoOs28UVye6w5kG6fI,dao mei dan,371,773,755,True,False,False,False
194,GRANDMASTER,Sb_IGi02_8pVG1yYzYlhQDu4Sdb-k08ZYWpr-H3FJkUAtpA,ke ke ai ai,522,376,279,False,False,True,False
195,GRANDMASTER,jISlBCcDPJmLQEvJ_mcz-t9LN94TBxGorfrUMKj0pdiNoE0,채팅치면손목짤름,544,457,367,False,False,True,False
196,GRANDMASTER,a0JVZlZbpsKTmqjldmswDBmJC7Q0mc7ytlOYEh45PgRUrdc,yezouhua,514,265,226,False,False,False,False
197,GRANDMASTER,35uV7exvgYZizmstvzfKmUGrfPXjKirgBxF1cah1d1_Be-g,Kada,504,447,458,False,False,False,False
198,GRANDMASTER,Audv7vPDRvpdS6PUIqrUjUfrTMs7OnmrHXEfLObtuI_M9EU,Heros Never D1e,305,371,350,False,False,False,False
199,GRANDMASTER,t-eh_xBNbk8d7-mlnKgOQbwM4BsW-rKJBSmXc_awuQ4ihYU,고조할아버지,303,247,201,True,False,False,False
200,GRANDMASTER,tXNzv1ORDPAX5jo-zZc6UphSK-eG8VV1g2pyTm3jQPwu_ys,ilgwom,566,303,256,False,False,False,False
201,GRANDMASTER,xtOHcpZ7OCNk4CTxTGAjk8AbKW_SfoDTrF7M2Y_vqB_xO0g,shuixingji,511,494,425,True,False,False,False
202,GRANDMASTER,Dvy8KJEHiXfzZdriyLU72ij_MS00H4_bhFiYH3dXF7e9yyo,LegendUndertaker,507,256,232,True,False,False,False
203,GRANDMASTER,pkGvMlXVInUAfR5ExhGyryz4ZTHjcXWRtPUVKRaLDiXnqUk,IIIIIlIIIIlll,379,153,67,False,False,True,True
204,GRANDMASTER,2Lsv4UlUdWShViBRkXIBOgFhRZUks0eof2_N2CLFSrx37L8,앞리카방송리리스,458,109,134,False,False,False,False
205,GRANDMASTER,Lov5aeNNEbcILGtk48wYB5PxBueuzFW7Y4GkFU5elRdJy6w,모기퇴치,632,187,135,False,False,False,False
206,GRANDMASTER,GH4dVIaHBZw4YDkmfND561WRFs0chC9pyKy6WZFWRss_xME,쌍둥이그림자모험,462,245,216,True,False,False,False
207,GRANDMASTER,Mkc3W8Q-xyW4FxuI0d0Hnpx0WTkisaDyK2tj9vK5wypwTg,나랑랑이,308,205,180,False,False,False,False
208,GRANDMASTER,94kOjY0pvGtJa9wlaliS-6y2On6mJ87TdGCtixBiMZfunXo,시간의 숲,511,124,110,True,False,False,False
209,GRANDMASTER,995dSrpb70-_X4-h8pfjp6k60iQvysnr3mI_cOlPPo1tcKA,Re0start,594,612,557,True,False,False,False
210,GRANDMASTER,k3rnvMq7pyS4V1fc_5dkGSgjVUDnl97lQA_3txwrEn2_Mo0,계곡가서라면먹기,348,178,152,False,False,True,True
211,GRANDMASTER,pbo8kuKWLboX2mjHefDApIDKZ4o_5z90k73LpqYcM9PKo0ST,duiwu,343,235,149,False,False,True,False
212,GRANDMASTER,ZGkLstFCnim2c01bGV40ZAV31PupjgHe4sCzG78hAJw_AX8,그 킹,383,230,192,False,False,False,False
213,GRANDMASTER,zmvpPMtfX2w_037m7wU5RhXSQwU8fueUmU6Xdl8dxDg7k6g,TudouIei,476,587,554,False,False,False,False
214,GRANDMASTER,PdpZ1QTvbk-OkraKKGm3TSmTp-yqr72T17DSMofVkDrZHiA,밍 9,380,342,326,False,False,False,False
215,GRANDMASTER,x69SbJsojYtG3IxdHvLSF8ViP5Ih8U2cCMh4THVFubJvwA,mapleLv265,571,393,386,False,False,False,True
216,GRANDMASTER,dmVQBuFHErb9rHfeDVqRH_GWjdNSk7FphozNlF1E0xPfF4U,SANDBOX Natalie,624,482,443,False,False,True,False
217,GRANDMASTER,PIqUV4N8eQKlUDmLly95GDG_b9zTCoqo4M_F7_kkK3JgJus,조이보다잘재음,530,118,77,False,False,False,True
218,GRANDMASTER,j8GzBM7MgtNZmBu4Gg-WoagJ8Vq0ez9hgMoRuewyi8deZFM,shai sensei,308,375,354,False,False,True,False
219,GRANDMASTER,Rks--o6wvi29HrCzrStFWNlFMqoTZuAzLUjbqtbOQGf7Eg,냐하준,345,462,405,False,False,True,False
220,GRANDMASTER,aRtRfOx1NqUgCd2ldPMn1iQLljRZCSNZRsHJTNfV5xQ4Yg,바 드 본 좌,360,470,454,False,False,True,False
221,GRANDMASTER,09HsKbZufEjqYG-qBRraiZ1Av1trBcFwpxxu0Skuz4eQZiR2,도인비 빙의중,455,179,93,False,False,False,True
222,GRANDMASTER,8HZDUezsaZS64e6oVVfKhoRo4A39jCFiqzSOEBJvh1iU5Vs,Sry Sup Gap ToT,442,496,463,True,False,False,False
223,GRANDMASTER,gwZ9hgiuy7Er7sWIKs873tqKKVy9y4FZPwjuTyVkc_ju7j8,그냥 승리를 원해,369,416,386,False,False,False,False
224,GRANDMASTER,zhVXQPAyv_TfTZBbsknSUoDOTS_PbUKMiZqw-fqKqh6jzEI,zhong men dui ju,623,650,599,False,False,True,False
225,GRANDMASTER,JGnUZ23aEwuRFD2Rpm56z-n2lDC9EVd1Gvu_bRkxfRo_NL4,KunBBang,346,315,224,False,False,True,True
226,GRANDMASTER,hRWF3lEH8cbX4b_u77VdTH9O6kXj6uTxtcsguEvoH6QbK68,Kur1ko,308,586,484,False,False,False,False
227,GRANDMASTER,z74bShAnCwy_ygcx42PRYd9YSfqggHTz4H_6xQvFXBSyr8M,detail king,563,456,411,True,False,False,True
228,GRANDMASTER,0pFRLL6ZhXVW11SFr1y3nCBTVBQg9gdyRmmI6fVuPs8_hg,qhchqhchqhch,604,1016,993,False,False,False,True
229,GRANDMASTER,kJbPx171-tQg3mCyPbyrasJ9PpJlDy5JJ9NxHHnmTZZ2CRU,liiiIlIIIlili,293,174,138,False,False,False,False
230,GRANDMASTER,gznkXis5tOSeL93tJ0c8UFje133RG56bkFRGFhKob1bAShM,DFM GAENG,555,347,327,False,False,False,True
231,GRANDMASTER,dzAIR3-bgf2VBXWQWq3frDYvyt5_SG392IVo-o0pSu46YCA,woshifengchu,503,754,707,False,False,False,False
232,GRANDMASTER,SfolQr-_7cnXVx4U1XcGGCFqyriynz-E3wXYSrtx_bD_U8M,후잉    으아아아,578,107,63,False,False,False,True
233,GRANDMASTER,bPC5yYU_lZqphQIDuoGLmVBrDhq8HvZdLnTKwvkcoXHBVYA,우리밍밍,403,500,450,False,False,True,True
234,GRANDMASTER,sQdm3oha_BdRXYCHp7ZlE4WpE0OVz7j4OXpBEFd-LRKMOg,겨울지나봄이오듯,310,304,276,False,False,False,False
235,GRANDMASTER,jm2bBsdiG7USicJM4IfqfIEqqI7DJnlZTXkwzdtLB-jkEA,Dlvvlgold,334,446,422,False,False,True,True
236,GRANDMASTER,2wzmjKR2uv1l7E_v7i5eonydAxKdZlKm5knuHecCPYFncw0,돌카사,343,413,391,True,False,False,False
237,GRANDMASTER,igi3-ZdYJb7xcHB7NJAFt6QXex4pVM8yIedtkV_4oKZVV0M,heeseong,303,83,51,False,False,True,True
238,GRANDMASTER,uKX_9dmM6z5FRz1Bk9t_paUCuANo7-faTqinU3wva82Ubkc,DRX Conus,355,371,346,False,False,True,False
239,GRANDMASTER,eTf3PgyRiZRC84U1eqwmdUcRGczwk4NV1eOP4TfF3TJt4xlV,Xs Ju Mp,291,184,120,False,False,False,False
240,GRANDMASTER,_pw9AecNKecoun3_IzrU_DKWttNSppv4Ttr3a_WBsXXyEg,딜넣다죽는원딜,452,595,452,False,False,False,True
241,GRANDMASTER,dCbudSSDmq9IWzdemL-z-0du4NLd7zUwl9AanPAQez8WEA,Meeq,507,584,548,True,False,False,False
242,GRANDMASTER,jm96wWs0o2xjQ5xJ6OMsJrvWowQ9KDUx8tOkknGQTnMoLLo,롤오브레전드1234,291,172,129,False,False,True,False
243,GRANDMASTER,6nrJtDQzC5DrBPM3Uv4BZMA6oRXiTYT0dhv9XeXfnKTa-Q,I Seven Head,515,934,904,True,False,False,False
244,GRANDMASTER,FCzjNPS6zWurijGOukLLaWEOA0X6n-eKOTq5TvnrILn_Hwg,Big buttocks,528,183,129,False,False,False,False
245,GRANDMASTER,wQQCo0lusiIUJ6D6VqUpACfY1BAujUwXMI08ewcCVBln75k,XinMo2,397,442,402,False,False,False,False
246,GRANDMASTER,A6ABtivFXIcm7IyzSLL11FoH8PweFRtgI7aKrS-4V09VNg,하이드,449,262,233,False,False,True,False
247,GRANDMASTER,qYhA1sNtCxOw4mJZAp0_r1Byr4fINCq4HbsIGBkJdnV_f18,하루20게임,332,689,671,False,False,True,False
248,GRANDMASTER,oU1sCqJQ56tInf_ZlJXMOVeXIn3OmNVZrFlQwBmZwsxfkEk,verylove NINEONE,425,411,379,False,False,True,False
249,GRANDMASTER,MPLplGhBBFp5CJnR2ms0OrlipyrxSTRrx47Gb82LCdq4GkM,에이펙스 고고,395,576,544,False,False,False,False
250,GRANDMASTER,Fdbb6HNM4zPImuNH1HtLWDioK7As4dHy4OO6UJZtZUiEKOE,언니우기,444,255,196,False,False,True,False
251,GRANDMASTER,BNtoJWhC1-EsqTmAUe2jYYhKsrsa9J0xMbxeYwfVsJ-G8Ec,크캣99,299,548,454,False,False,True,False
252,GRANDMASTER,VrEtiaUrdEkKzkUVD85F3fid0BEiV_bxfgMj74hIugHlsD4,Twitch 조우지1,327,462,413,False,False,True,True
253,GRANDMASTER,6FbWWMXPVoS7kDxrlRgRLfqtFfE_CC7k6HsvtLZQnvHUgYg,Destiny YouTube,303,416,394,True,False,False,False
254,GRANDMASTER,WCT8TsfCCw8zok85NdfeRXETuAcgOVArM9TW7VUXvSn1nm4,hy2rwt,625,888,845,False,False,True,False
255,GRANDMASTER,D6tqP8em75vj_QLP1Dg9D346xr2ZteYkwO8YBjLcVKYW8w,볼빵빵 다람쥐,409,652,624,True,False,False,False
256,GRANDMASTER,Ud0s7pv5XTVI8i73oPvWK8KHf5Gh52SSXcAXjhauEtJZuiI,홈런볼 다 내꺼,416,676,683,True,False,False,False
257,GRANDMASTER,q32ijLa7RlAG3PFDdZv_vnczWP2kIda66QGdwNwVRvhJjmg,필사즉생 원딜러,300,196,78,False,False,False,False
258,GRANDMASTER,zEezr9ZXDGCGxuOq9zwddvgUOdj-R97VJg5s_IgkVET02dg,Grovyle,309,574,515,False,False,True,True
259,GRANDMASTER,WeHF9CbSLEraIaqITRTClnG8w1JMJ0Fn3yuem3yLSiIQrzA,이탈리야 전문점,627,252,186,True,False,False,False
260,GRANDMASTER,aUHK9VGA4d6BNogfMTS6Rz_qg5O5fkZ_NCJV-UZx6dyckow,zaodianshuijiao,445,938,858,True,False,False,False
261,GRANDMASTER,cq-eLMSXKnzauvRdfqppJIL6P78f-sMdgUAJAg_YT-Nqya8,xuanwoningren,403,213,179,True,False,False,False
262,GRANDMASTER,jx0T6QPVb1Qxp91K12qs3KsOyGamji1ySH8WDINYPiG9hOw,우싹씨,533,229,185,False,False,True,False
263,GRANDMASTER,eAKWRXbBIxkmXjnOE3xwLdP9vU6Pu7NVa5MZqW6Hlc6UJWg,MAKJANG,468,117,82,False,False,False,True
264,GRANDMASTER,6HlrSX2O1mCCf5Y_oD5ddH5yphD1VMJ0sQcdOzTdM-4uAuQ,Anleader,600,628,564,False,False,False,False
265,GRANDMASTER,M41-90Sv7rZOjygpzQ69MjUWa5D2jce1zzohjyNJPk6pl04,srww,421,812,787,True,False,False,False
266,GRANDMASTER,3Z43pLxlYMj1zNy4eNNWXDYssaJvLChh7mNTb71MnlNnMQ,오늘점심은딱콩,596,111,60,False,False,False,False
267,GRANDMASTER,5VU8CTTq9WUZ65iNKlaitQiupsH_39BBNgxvVcnD9V7WW2wj,SUP08WH,597,187,153,False,False,True,False
268,GRANDMASTER,HzgsgSRqTghMAELvyzSaNZeRPUBodLa3NKDsO7_5yC5slNE,Korek1yo,299,335,306,False,False,True,False
269,GRANDMASTER,MxMBbCdGn3cmVd0O3AewkI0tAyT4J0YTLN-GNmbm4G3aUGY,beishangtime,606,638,581,False,False,True,False
270,GRANDMASTER,mEhsAPEsk8VLFS6iL45CE9u9Z6ttb-dUZAhZPUwlb7eUZu4,The Do1u1u,551,439,332,False,False,True,False
271,GRANDMASTER,PMque3crkNIZeRuzFMW9vj4y3cHM_aFDKKLLOKc81UpD1FQ,SANDBOX To1anD,390,864,882,False,False,False,False
272,GRANDMASTER,VoMs1yyiTeJefJpPRE7IuVkHQhzZbaYGaKWr5ymeV55RTjo,UyQyO,332,842,821,False,False,True,True
273,GRANDMASTER,JXzsKuURGIFXRmIf4ybYhniC38mL_tXAPEQFejh0vifiSl4,wo bei dan sha l,358,629,572,True,False,False,False
274,GRANDMASTER,m5EPgooV674-cKBUkhcYMHmLXxtUrfBAzmzzK7frI9VxNF3L,wsnowman ,528,119,40,False,False,False,True
275,GRANDMASTER,aH5S3X95XjJLrFTdzViy_snQARia0bMhViIe92FfLPkTcfs,상록중,467,416,383,False,False,False,False
276,GRANDMASTER,dOUGQKUZn5pZs5W_aMxW9X-LUVN7UO0Njbp0vwxqqVkH3F4,옘 뱅,585,111,71,False,False,False,False
277,GRANDMASTER,oARe67K40zq3HhNNnOQntvs14Pe1PUPzp9x_cIZbcZJsPng,hadff,351,186,94,False,False,True,False
278,GRANDMASTER,KPhkIKl4PDx052kxIeuMKj3q752u8TclBSoSG9xfykxlDwc,xiaozhupeiqi,394,640,612,False,False,True,False
279,GRANDMASTER,wVNKV2EMWBrmaj06hlDxkeFWpB1bERyRGD0EH9D7MK5RfjI,오월은 여름,405,195,108,False,False,False,False
280,GRANDMASTER,HiFC1MNVJgwfdUIrT4wPM-nKifORFtidVQV9j7-1X0c0Xso,pzz 1,463,472,432,False,False,True,False
281,GRANDMASTER,te9ET_pVFR8s-PtzrM3ZzpfxCiFhOKfBg91Yl1wWdREqYSo,볼붕이1,523,477,386,False,False,True,False
282,GRANDMASTER,T-1myBaMvPsuhM-FBIJeaYMFbR3VrMpc1_hSb2qC7dvt-Hs,스컬지,333,433,380,False,False,True,False
283,GRANDMASTER,kytfE1WQk_XbM-4K2OVWAXcLESRfafOC6EKySoUpAr4Dzik,룰보러니,478,652,689,False,False,False,False
284,GRANDMASTER,mzl57BZQpf4-pDcaW7Jap0anixu429Yeu0Mz4bdytxwZPmA,baby m1ng,628,544,493,False,False,False,True
285,GRANDMASTER,jDEluhKb7nP20Nob5tfZy5c6lgMqfKaXCka7fMGjqfk1uss,이시우표식즈려,417,307,277,False,False,False,False
286,GRANDMASTER,3XIrVcxNlYXFKAkqnUsCKEY3qn6tbMe7j3QAAuMyrjNHTQ,DRX ZzangGu,395,722,701,True,False,False,False
287,GRANDMASTER,eoGd-zPB0Smj5ZFhjmBW39Pip5pvWAf2mhiHUfB7AgPaBq8,haokmt,367,253,221,False,False,True,True
288,GRANDMASTER,D-ijhEeNPaw-VR264w4fUOdF-jzEHIy6pqH92hasU9uUTZg,hunmid,378,584,560,False,False,False,True
289,GRANDMASTER,SHk9FY72AJ6xtYltL7rYpomQuD9wMtaXBI0rCAwbhzT4yGc,zhen de lan ,561,455,387,False,False,True,False
290,GRANDMASTER,k3Kc4bp8PA4pCWCWrlcfvyzR3v8sTmxq1yvT-4yTILCT5Q,Xiao uzi ta die,457,311,255,True,False,False,False
291,GRANDMASTER,r0zjStNDHovNMA4idvCzqHyFGMdoCMGEciVlFKZKdJG5Knc,너는 AI야,528,677,628,False,False,False,True
292,GRANDMASTER,4N3upAv_Yvn0-5PWH7rYCMK8CFEZ8r6WzaaJpd8EtXqWCg,SKT T1 서폿티모,357,252,219,False,False,False,False
293,GRANDMASTER,iZGBzu58Vgn18dW2dHVyK2Oh7eYTARFMmU4FrCUZXJG8Wks,펭귄수호자 바드,365,234,153,False,False,False,False
294,GRANDMASTER,KY28i5s2y9IpDxlF5qD7Yf-Z1qEUhfSlXeh4qOY-0Fy6GYs,gbzj,359,886,917,False,False,False,True
295,GRANDMASTER,giyJu-lI9-TkXl2hkxnxYFl5-HWZYRFkYva7bYGVur5ghag,daye lihai,537,691,661,True,False,False,False
296,GRANDMASTER,0DLD1ip9HwOF-7wLoj7k047m2ldAUmCfe8zhRH5-5Q55MrE,NNKKJI,544,814,737,True,False,False,False
297,GRANDMASTER,dB95PIKZZ43-o_6--r1-Lps-h-XzWuseqLe1AmaSNrLtLLU,햄이너무조아,291,304,272,False,False,True,True
298,GRANDMASTER,zibFpBkwl4B7ugMxURaWDDVRBe49sKpPRr1y9Rf_GDiQ6w,말걸지마라제발요,302,225,192,False,False,True,False
299,GRANDMASTER,qoQcqfShTlvMpXDBIR8Xa0geM5eR3gclp14xvL2Jqk9oC7d9,FPXzhaoFZ4506303,361,149,69,False,False,False,False
300,GRANDMASTER,aRJAbErT8Laddvfr33KRLAHNUhOsoUtir0C-GSY0S3llTM8,lanyinca0,352,649,616,False,False,True,False
301,GRANDMASTER,9KVGcJUlvdlIjNfX2KXznt0CeCHLlPCIgt1Hv8aoV6h4nzI,1v5king,363,303,244,False,False,True,False
302,GRANDMASTER,LvhdHI97bm8dl2oHWfPQ-mzP7VOfkxlBzBB-iW98nT6ra6k,나한테만,350,356,327,False,False,False,True
303,GRANDMASTER,Xm5UsKFWIxhqXOgPdUoIPw0wprYN2032vmNNoWldJAlwpLQ,wfs,323,120,106,False,False,False,False
304,GRANDMASTER,jXivHhLhbpbnq6Gyry2I6QEKBuBJryYZSZzTt_h_1KtcJg,박투신,403,260,232,False,False,False,False
305,GRANDMASTER,IJxEBAKusONh8xw3ezG2XDq-SCi_kN1mg2ZRKVlg3ZeIZec,ca1hongdao,460,775,671,False,False,True,False
306,GRANDMASTER,4TCJn5a0btdaeqfmwSxG67ke7hWvaK_-bzKxXhxyPynC7CU4,9River,498,111,75,False,False,False,False
307,GRANDMASTER,uJCKMDGWA4pfm2FChoyFW3d8seamQiSxVs34qFZI1ftCaXA,xiondi,374,191,115,True,False,False,False
308,GRANDMASTER,-Jtkxh9pZpeUeCZx0NTMISsWkRvlhD1EMyQTzVMCnYFh3dE,연아 베이비,492,208,123,False,False,False,False
309,GRANDMASTER,R9M7VebSlP5JaSFT0ImJOTmwArESoWqpyiLNhWCrsQe3g-k,Xiaoyu Tokey OwO,442,709,610,False,False,True,True
310,GRANDMASTER,udStKrrroG6A4btdfU5ISiEN8P88noaMabUjUNMpblRrh78,Pz ZZang,603,174,143,False,False,False,False
311,GRANDMASTER,r98Ci4OalsNDvg0_6nEL4j9J9mc4ec9GmTNFxQuemDyDLQ,dasdasfvdf3ew2,430,366,341,False,False,False,False
312,GRANDMASTER,ibWbqIcp9yJNT4jv1EZcKd8C7Wt-VhoxoxMYla8HiQvZJ6o,TKS Marin,376,232,207,False,False,False,False
313,GRANDMASTER,KK9eNx1W5rhwYWmEHTIUDvOHkFDC9h1Nh_Hlf0jxOvLxYsE,9LL7,460,635,619,False,False,True,False
314,GRANDMASTER,bLFhXENsSSB55RdTRO3_e9Yys-lJ1WUjU4kQFjDiByczGlk,애기가루짱,409,251,227,True,False,False,False
315,GRANDMASTER,t-GgbRLzunbHSy7mQkwtSrmZhuCLRC3Y-EN_tqYgiK6hhH0,이리스,345,263,212,False,False,False,False
316,GRANDMASTER,OjqU6w_KPXFJm45Xm2UrA49KWog1uxxkD02q1pFjEadwww,Twitch 박바드,343,205,180,False,False,False,False
317,GRANDMASTER,ToCS5yi5Zd1awkoR-c24w1kGEOi8Jmmrgn18vGu_VjmyNfs,Safa sup,427,398,375,False,False,False,False
318,GRANDMASTER,mGXzH5TcvUBhtsfAJwXyLMjQ2oKmRo-SX45xO50esLd5A1A,2019 Wink,430,229,219,False,False,False,False
319,GRANDMASTER,abitDPWIQpFmw9v6t7UI-cvGC1OLPLvbd5fDOzNizXvmv0c,Chenniannian,290,1477,1478,False,False,True,True
320,GRANDMASTER,OPcEsumvl1fOZmFZiE66nrs0Xr9szoBqFmGzBu-bdYKZO7E,GnaBB,403,385,322,True,False,False,False
321,GRANDMASTER,kyYdB9u7_igAPLT9ZCZdrCQFhU8l-y9WwyPENJvVMTUeAeI,손민형씨올라프,409,114,93,True,False,False,False
322,GRANDMASTER,7THbZ_OxNyK5kvTBXtYk2yG2FTZG4QhzZ43Be_7VUxkadLw,Achilles Cosmos,392,684,646,False,False,True,False
323,GRANDMASTER,WVsBybPls5_6ycsG7zuEO5-qEGn78mvIqS3SFw013I-0FBE,졸며게임,569,671,644,False,False,True,False
324,GRANDMASTER,TgpZQdhmW6ECuUUdgO5JSHJzVtX5EhhtMcx5IkQfhxo8DSs,피콜로이zz,575,339,250,False,False,True,False
325,GRANDMASTER,I_ocRolUdJiTxUTnnwVmrqiQ0FVQZyLTboKz7kySBxn27KY,나는 고기다,368,211,193,False,False,False,False
326,GRANDMASTER,ujDLk-6V9OcwRjVCzF_liZZB2qxi0TBYMWVfBT8FG5xyh-I,울부짖는마오카이,568,835,794,False,False,True,False
327,GRANDMASTER,fK6DXt5kdImZlxsF9PEd-K66HzJJDsHgqK2ZS-jmFmVh5jA,By myse1f,323,184,163,True,False,False,False
328,GRANDMASTER,IGPqJfzeJxSAKnZMHtpAb-yDjQqFs5oxJpsiumxZZJXOVQ,상단차이죄송해요,377,605,566,True,False,False,False
329,GRANDMASTER,1PHMeJQK_ZjH9tSzQPBnWXAbWLsaOgq9mR4rQhsJsSxoDuE,투비전,421,140,122,True,False,False,False
330,GRANDMASTER,BoYvjYEGHFg8giox-ONKYtUp4FWvGWQMqfq7D3Qo7Z6bUxo,Remika,338,430,417,False,False,False,False
331,GRANDMASTER,nW7V8ZbXBJ9YgDn7MtDSfbHxIrxtBW111RqBaNPoppWXhEE,고구마먹다살찜,399,345,323,False,False,False,True
332,GRANDMASTER,nKAr438xpW6WwVdreTFUC8pXjvtD7cgLXtWM31mzkXAZgD4,T1 Oner,592,941,805,False,False,True,False
333,GRANDMASTER,Wy8RB9XY7inwCAAjs8482AQEJOoetUMkbIzcrp4XVvzlAMQ,딩굴딩굴딩구르,484,334,289,True,False,False,False
334,GRANDMASTER,VqKVv_SuvrgU0QhDkrJ-RQNaAFYaQg0gCotMK-km_0Ldo4g,과감하게 주다,335,425,401,False,False,True,False
335,GRANDMASTER,JaIiyMWwhb-L3sR1MxodqkL7Mk-veMVJkUsKh8otiI95Ceg,shangdan lihai,608,396,351,False,False,False,True
336,GRANDMASTER,pdrLXy1QoO-_UGCh4KJZgYcG44aXGUTu48MrlkISaJ9C9Es,별사탕이좋아요,331,305,269,True,False,False,False
337,GRANDMASTER,BL4NqaqiA_W4t6hyh600arklzlES4szxfiYuE2iXzC1h-V0,더운날에는비냉,580,328,263,True,False,False,False
338,GRANDMASTER,GhxHfgOhkzRSOnTTLs2ln8o8_8oLeDgC1S3VyiHWD5akDZk,영리한 소년1,449,529,450,False,False,False,False
339,GRANDMASTER,zdPOQbssA3K1JAIeX-M6Jmf2iu8rZkCKWXiT7k4bMTC4cw,려창동,627,344,303,False,False,True,False
340,GRANDMASTER,7ibl0s7tQq-Yk7OXV8Qa9RJK0LPk1Pxf-y16KNzHtNUtfw,네 코,324,383,359,True,False,False,False
341,GRANDMASTER,hu1KX6PKP_dWCXmwo0oWCbBiJnSkvCGgXGlw2RglGbK5OmY,lianshengming,350,432,350,True,False,False,False
342,GRANDMASTER,Db-Sc-0Y07mduDy6zkTkZQMjQ-tDVkd7x50NMpF0ReRk3tw,dont be gloomy,380,425,397,True,False,False,False
343,GRANDMASTER,ysJyekqFFxym4y-nsar-oYSq_UI-r80I0PMAXDr56olf1w,Lactea Rx,395,227,195,False,False,False,False
344,GRANDMASTER,bNjdlL79IMoP8zC4Vzj5m-Y3KY9Tv3yGxbfLsHZ0EJQbYmo,da la bengba,547,225,188,True,False,False,False
345,GRANDMASTER,8iJNp2YX76Q7-nRGhmOddayK5lgXfoT5etZq3Zgi_3PubGI,CHANGMO1,415,886,863,False,False,True,False
346,GRANDMASTER,gs4NcVsnLWu2Af-nCwsjh7RHodQlAaEiM31q7OShUWtEeYM,BJ서준석사생팬,579,248,219,False,False,False,False
347,GRANDMASTER,LpQypN85r1pwnBYHIXq0siDQhqgcwgz7qdwkY2BlJ2q2WdU,마래리트,298,144,151,True,False,False,False
348,GRANDMASTER,EABwziFMGX1999mOEWfnPNcarnVCkRH-fCBKTNnU73akdtk,나 는 식 었 다,370,288,215,False,False,False,False
349,GRANDMASTER,RQoRDjUxJLlUt3uUtfwuZqchP-th4IOYTX-xPDzqBA_iVMY,04년생 원숭이띠,402,390,239,False,False,False,False
350,GRANDMASTER,Xxfcu26zDWp9LfVybIpY9H9ppGXkBxWhFeD8inhHGWcYU-s,결국 신은 죽었다,363,282,251,True,False,False,False
351,GRANDMASTER,S1PT87QH3TMMN9pILyU_K7gCSdSH9ZqtnL2mXtSTnel-Ksg,불꽃남자김상원,422,595,566,False,False,True,False
352,GRANDMASTER,B9mpA55OUksE5BousJ4nkMf_06fkz2Jl3HnoncG8vNY8wVE,뒤질게,637,624,602,False,False,True,True
353,GRANDMASTER,gBYFoO61thvPldKASBBl0tOM-OUjNC87A1VGl_lchu3bdGo,ke lian ba ba,445,649,625,False,False,False,False
354,GRANDMASTER,WSRLY2kXBXXy-cE2N14m-uc_MPkkp5nL9sB3kaPbPL533g,shkamoshka,616,674,613,False,False,True,False
355,GRANDMASTER,XfzY43vA0znKAqD1Pd5He9S_0bF-4zFADnBgp1BdvaVJWj4,Savage 20,295,1010,992,True,False,False,False
356,GRANDMASTER,lp8X2kVW2CgNT4vmhAAHitEbksFR8BqWxRp74_bHBM2x2C8,베일에 싸인 사람,389,173,90,False,False,True,False
357,GRANDMASTER,lReZu0HUUpUZt8Cv7mQFXwX3bd9QzqJllmpnxzADinEZuAE,I cant stop,605,472,445,True,False,False,True
358,GRANDMASTER,Rs0rU1TFfpQ7mBNsKFO2zZlsB6PM7PD5SwPAvMSFI2VOc-U,Gen G Wize,572,870,857,True,False,False,True
359,GRANDMASTER,bCjxO5E9eqKd8d613qd9Wae_aipMDIZ20-ayociG1dCgaA,K tune,439,337,300,False,False,False,False
360,GRANDMASTER,r4LEFq8BnVr8nSjQLl79Pzuc9BsNssPw6kS0eWSW72z7xAc,풍월량머독침착맨,502,140,104,False,False,False,True
361,GRANDMASTER,mT0AHCAI50JNnbiG3Ei1PIh6EBGqiSfOvcYJ9GuZ-V804xw,냐옹이는냥냥냥,324,362,341,False,False,False,True
362,GRANDMASTER,-eqVCpUxGVvE0gkKCSvr26wmYWWxfHWKPmoJJ1UKF0pbPuk,절믿으세요,300,478,458,False,False,False,False
363,GRANDMASTER,Rltq4Cl79njjzzQCAlx4fvsAln62VViDAkg4DrgvGHJc5Mw,Upgrade 할거야,373,197,169,True,False,False,False
364,GRANDMASTER,1moTgspVvSclCNtXwfyNaZ-ZH8x9jm9NO4uyNHTHPyIiEKE,정훈이의 모험,415,190,174,False,False,False,False
365,GRANDMASTER,kyH3Vn1R84IDCYriD4qxPSBAmT_2IvGhkAt7N5bI9H_DShc,만족금지,592,202,169,False,False,False,False
366,GRANDMASTER,jMWxHJVOPArpjgvtwCgL8Hj-skK5rACfz6OiC-3I2TxonvQ,경솔하지 마라,317,561,545,True,False,False,False
367,GRANDMASTER,eYZqO4rs9mTImMhFHfITz34yhKxHKMFXEiyL_bonQPyyrqA,자담치킨 10노맛,297,471,445,False,False,True,True
368,GRANDMASTER,i9NMKXbYC9xH6euhEcSY5_DlMJ_-L7b_upvK-XSn0GJxVdY,osuosuosu,301,226,144,False,False,True,True
369,GRANDMASTER,crupvDq0nJpAbVR1-OWuRUPdnmlpusb1uRAfT7KKkFfhIWE,EM 핑크돼지,470,373,377,False,False,False,False
370,GRANDMASTER,7b0Ydi31aGL5W5dIN4RocPRhfjJBOENnL73WR7_SXwHgZbI,chiweijingzhi,490,327,230,False,False,False,False
371,GRANDMASTER,9gUV9c5QfOjVzDITQ1WX7-PPNGyH5Oc9HDQbodBgROv8XjU,시로로로로로로로,508,119,85,False,False,False,False
372,GRANDMASTER,tUrkpMtCAIDYXFtFjS5E19HNbRCqhf3ugv6DsGLOocZDRw,내큐를바드삼,368,137,106,True,False,False,False
373,GRANDMASTER,P9RlZDvWf13xQHmYQp51UogBUJzcOtk29bUS2tvHjSXi7kg,Mitake Ran OuO,446,239,206,True,False,False,False
374,GRANDMASTER,LIWeTXoLkiIdM8wxmlSD7TFteyqcCj9fmpAnIUDOBKeYQAc,DRX 준,372,188,100,False,False,True,False
375,GRANDMASTER,CVut32oR1GaxLcHdoWILXrQquq3qNKCdMequ13pfNTsaSI0,가위바위보달인,551,206,164,False,False,False,False
376,GRANDMASTER,0tk8nOrRYl_wLogS5eoKlVh53fdKuQE9YvQmMmEbTZO9ivM,cexk1lng,615,819,796,True,False,False,False
377,GRANDMASTER,pXFTYwVckXbwmjxl0gxBvjLwQf4w5e6Psi_WvK7R14DqAsU,NUNST,369,168,88,False,False,False,False
378,GRANDMASTER,pHbOONfTNyasRDZPZ9oAd-fpwg9QlZroH8HSwJWeeuUJboI,V5 Tomoya Aki,386,652,633,False,False,False,False
379,GRANDMASTER,OO_ZCFiR35GnvcJge5WJK9xPv8vZ-ggUhTkkZlJ6hZtfG3w,Mercieun,359,237,190,False,False,True,False
380,GRANDMASTER,eu-VTYq713D9SDxQBIBGaBYUXyxQxklgbI8AoXI82NmY8NY,건드리면티모함,381,280,255,False,False,False,False
381,GRANDMASTER,0SU9XfmdtdbTWI60LhiM7JFuvibJ6bTWbzXrY6xbCaQs_mk,준탱이528,402,277,268,False,False,False,False
382,GRANDMASTER,BbjDvSRE0pxlYox4NIlAK04eCu2ufh3d03tlVtukTeLzX74,유능한 뱃사공,307,172,154,False,False,True,True
383,GRANDMASTER,t2Sl7HOT5GHuEQnKgeNVgEkzlc5ZYRjtys1OyNr-6gtFvl8,Babe Z,435,863,821,False,False,False,False
384,GRANDMASTER,FGSWNB6N58ewa7Bjf-cN71bnHM04KOnFe0lDJAsJ0fFib7o,midnightlights,374,195,109,False,False,False,False
385,GRANDMASTER,lXcDouDIZtqGZhttXZjgwL3RU2ERN0Z8NGxrtti5nOSaFhI,name4564,348,629,667,True,False,False,False
386,GRANDMASTER,SR_xtEjB4JWglpFqli_E6GjJuEKM6qSiK_vesMnpK8n-oNE,TW 슈가몬,616,490,453,False,False,False,False
387,GRANDMASTER,76VURZZHkwaogGo1VyvcsZcdFlMdkS2-LzTHmI_4d2EXT4w,파 처 니,368,510,488,True,False,False,False
388,GRANDMASTER,Stm7yqD8hV7SeCpFQwRSXoMwP_iYH7-1YmZNJx4J4aabIx8,Honey0908,295,164,138,False,False,True,False
389,GRANDMASTER,KEmZ_PJJlobWbfbq_CYtFe2AofE3qrLbA50kmdBmCmFpXaQ,sayho erzi1,509,245,201,False,False,False,False
390,GRANDMASTER,yaNxh6E3JstfCUnsxEBsCbmFGgy96i50D87G5rTN6YquapU,Gen G Ophelia,322,937,916,False,False,True,False
391,GRANDMASTER,b5-z5k9wpvenGrRZXdVZpbolFeTl-koUhCKRYX-CIA5t2k8,크림몬,516,364,268,True,False,False,False
392,GRANDMASTER,_4sNYejKizIdueSk2jhlsgFugTx9cN4aqKk5B9SnItobWQo,Goldguns,380,383,363,False,False,True,True
393,GRANDMASTER,NY7IkjgVoSmOAlTToGgEWEyVQM9LxPPr06MrvxioHzhLvyk,FA Serenity,524,322,295,False,False,False,False
394,GRANDMASTER,DH29BK2kD3HcyWVhPaLL3YO1a0OBW7_g6ZpZ3290FNFda4o,srysry canwin,373,490,483,False,False,True,False
395,GRANDMASTER,a8TvWNNS9anNTtZL-WrybLfP7np1NdjSG0CBAoabZ5cwxDI,Wanna go LPL,305,662,648,False,False,False,False
396,GRANDMASTER,S-t64RJX__IoGs6Mnl_quMOmj9l_3JTFygIPUNy_6TAftHRw,FPXzhao4506303,376,313,238,True,False,False,False
397,GRANDMASTER,Ho4vb2fI0A4fB-ihCx4S-Lz6Bnl8MM3v12DbpZ4SblefoGk,BOKGU,626,290,245,True,False,False,False
398,GRANDMASTER,WUEYQYT5TJ-CAyNA4Keb2MkybCHtUhwMFZUTTYlvWO2Uv6Q,m1kasa,395,304,247,False,False,False,False
399,GRANDMASTER,sAUegTEomcEw4p_B0jI5HHxxKlVp7ZNW5oSKtbgyQUFcuho,wjsybnlh,523,429,392,False,False,False,False
400,GRANDMASTER,yb3NeDePuvmXexF1q1JzYbflpesurHVdOMBqjesPHrZwUzg,에이전트 H S,501,803,750,True,False,False,True
401,GRANDMASTER,qy6jWwET0sRGgI_MgEZ5u7MTNUCOIe6ajYaMTLBmybCsNzo,         anshenz,612,348,245,False,False,False,False
402,GRANDMASTER,CpmaDWkj1Dq0X8Utxh5yzXaHT0BULLe60joB0yNmIVRl7Hg,xxxss,559,367,320,False,False,False,False
403,GRANDMASTER,B41-JYqbLRZPTatg7-hrae9flHuHJemILaKiUpYIGUebxqs,11baby,310,731,681,False,False,True,False
404,GRANDMASTER,S3z6Hnu2g9Hw2S76DBSIoYMHXxwZUzs0hy2GUtCBwGa5gJM,The clock tick,352,480,461,True,False,False,False
405,GRANDMASTER,Y-0vMvQ_7QM2vFjzY2mP3zSzCuVQAlNWhJvb5Fjn38AWx68,wo ye xiang n1,571,167,126,False,False,False,False
406,GRANDMASTER,30nNHa2_pA_O_5hiU0QSSmcdoDHjVVEU10TCcR3ZyGU2Wo4,쪼꼬맹이 유지니,414,462,423,False,False,False,False
407,GRANDMASTER,1K5tiearbowv4d3lencvIdUuQ7evIjBbfVfqD_jpBseDriU,happy   game ,639,881,791,False,False,True,False
408,GRANDMASTER,3uSOugnTmD-MUTaLDiX2VNF7l9B1wnHlJl3MX-mk7b-VHWY,lililiillilll01,321,373,346,False,False,False,False
409,GRANDMASTER,5LUWxClCgLZIy-CGaJz14aOHHo9c0Z-uEmLhDcJIWM51ww,강블린,363,397,377,False,False,True,False
410,GRANDMASTER,IMwO0ZtkoaXXvieaXieUWcaGmtPkDp9OPN-3wYjjFIpHhA,hi lira,337,284,267,False,False,True,True
411,GRANDMASTER,ADijxAbV1o7AbP8o94H-dcEipoOrtFMHGWAI-ZG3nyoFGGo,AF BuLLDoG,460,276,183,False,False,False,False
412,GRANDMASTER,gtByyfPATVQziyDjw2OG1pfHiW9OFJJqVn0r4r43psOCbOg,aimi ailun,416,129,101,False,False,False,False
413,GRANDMASTER,8KFbMPgWzMVYZJRFt84FIs2zAR-abm-91Bj9_reSRtOmqA,말라질꺼야,350,206,186,False,False,True,False
414,GRANDMASTER,ex_xMXGQbMgN7zQz7KcH7B3y0cgawCi6DwEAhhRnYgp2k4w,Shadow Nia,370,330,288,False,False,False,False
415,GRANDMASTER,rhovrv1yQvok4qVCePjDxomoMdLDj5XY5MBA4m7LTVzcZA,제발바드너프좀,321,174,121,False,False,True,False
416,GRANDMASTER,tIAAPX3Iq1mSlU8eDpHTji3jPhKVV9Cua_e0T5M9OM35QOg,Nanachi mofumofu,355,387,295,False,False,False,False
417,GRANDMASTER,PccHrBCUX3OGSU3RUt3gkIqrC2hZqjyN22piekTmDhN0Esw,작은벌세마리,292,510,504,False,False,True,False
418,GRANDMASTER,HZoW_eeT3Tf9OP_HFbRHbUjW2D-PqrOSn-MV8NZrF00FW3c,지누야샤,395,265,167,False,False,False,False
419,GRANDMASTER,lTjHyoxfANaeg4j4k9UErgiFp1MX8VhgE1DQee53nVq1vQ,써큘러오피투,316,597,567,False,False,False,False
420,GRANDMASTER,xuO5ND9BKyGPmv56oWAgdM-jSt8ihx0DrAmKcWQehz5qs1Q,final resistance,496,213,186,False,False,False,True
421,GRANDMASTER,LgF3_5XlH4AnkdgLEOtbBaNkLbitIIlyInSVkyljCUEwRoU,zxcsdqw,536,371,255,True,False,False,False
422,GRANDMASTER,OhoR81bTvUb_odRl3pPucegApnUT4Ke6qNbs2ruuAp3i9Vc,T1 Lxa,592,547,522,False,False,False,False
423,GRANDMASTER,ciWAYFdDFUm5MxtIbcR9JHwommU5k9OV7JMjWVJVmWKQObQ,dangyadangyadang,401,395,309,False,False,False,False
424,GRANDMASTER,uqDkmBzqUcI_LU91cVJSgdzMSrC9h8VNxMiLAAA8PUjg2Ww,small papa,311,316,288,False,False,True,False
425,GRANDMASTER,GyEa4xqzICKUigRHYUuDL6N51PrPSkQqf-QJlgLQNGiIr6g,paddle물 person,291,374,352,False,False,True,False
426,GRANDMASTER,Y7jSEswvIWJqWrKRWKgqYenhzoQ2VJFDQQr1ipCEKJfhpxY,DWG Ghost,538,409,364,False,False,False,False
427,GRANDMASTER,bdc43T_qxFyWnJtMGAjEGvUh76QPv0hk-vwX6KOjdd8sbAY,81818181,345,1075,1005,False,False,True,False
428,GRANDMASTER,w_wXTinyb71LySP-bQ-biK6wvcqeo2FwL_imYucV0EqfRPY,탑 Solo,414,320,278,False,False,False,False
429,GRANDMASTER,aHdP_JlhSadHfjXMcRUf7FcI1TsJdxUOBOoYcraAz1yWz1k,DoRun,372,390,369,False,False,True,True
430,GRANDMASTER,kKp2OCiSV-fQcKP0vMn_T8JqIXPWDihk6IvNCjDEK5cgC4g,zhuimengchizixin,322,417,400,False,False,True,False
431,GRANDMASTER,6gEvj25B2cTvSsCkYIl05f_wNBxcud_ueEH8kx6fAOj2duI,룰루보다잘웃음,416,318,298,True,False,False,False
432,GRANDMASTER,MlQ2pduPiqP3WDUxLmoD-tw_88iVNjkKwwjfi1R6DNM9Tmw,Till rapking,434,746,697,False,False,True,False
433,GRANDMASTER,W9I7hZqseq-PBiYrfehkoAJ_XFIbyWy0k-8dsrjhkwvQGTE,XiZe99,376,191,174,False,False,False,False
434,GRANDMASTER,pfMzvenrd-3nRm1vZqrnCvV_h3-DziZw-zeVPdu4SQd5GUg,Lehends defensi,534,270,165,False,False,False,False
435,GRANDMASTER,kUQsZ1y5tZzAc5NDcRBl_fg569rVheqZ1JGFmVbCRLd27JY,스위트 패스츄리,294,448,428,False,False,True,False
436,GRANDMASTER,XXZpLQXqYpZmu7yR9_fg_WW-WkipYe1zJgeb6jV1dOjTau8,트위치김수당,353,406,391,True,False,False,False
437,GRANDMASTER,F6hI9DO_evZRPmojCmVDFQg9iIJAl6EuZLvFAJU-7sd8ugI,wuwuwu wokule,571,433,389,False,False,True,False
438,GRANDMASTER,YaWlQZx3MP8Ufy88azv13tdp3bLWF2FU9MTalfwk1XdRgrA,가짜 교관,317,83,51,False,False,True,True
439,GRANDMASTER,OmiEZXd8QdACgkKm63E96P4q-BePLYRzKwHs-55kUx9lMKQ,Kim Sang Hoon,375,214,211,True,False,False,False
440,GRANDMASTER,CMYRX45zdpq2vKDG210KKPPFcKzTibGzow-IRKibmCOQ9Ss,전설의용사엄정재,313,278,244,False,False,False,False
441,GRANDMASTER,scD9bCcmhzNKEy_nECIS9pLu6Fg81xk4sOjmPq8BScfeyaMD,conglintufupp888,421,176,96,False,False,False,False
442,GRANDMASTER,8hn_Kn7bTkaWoq6gERLDbWZquHp-_aarSZeD55Ar5n2Dits,인스타2lyn예뻐요,299,228,201,True,False,False,False
443,GRANDMASTER,lW1uRwqbfhBh1YPenfKOSjRld5RNHCOn3gZTVqLjSBqh8zM,캡 틴 조 아,304,406,374,False,False,False,False
444,GRANDMASTER,kXz2Lo_2Dp_18WO7OQe_llOSEQypK8CC5UdTqeclUmYG_wpj,2020 roookie,539,94,66,False,False,False,False
445,GRANDMASTER,CjUpOC_KPX6LXvlsCNexmQwkbuLFONnM1m5oIJJ23W8QFR4,페2트,634,407,362,False,False,True,False
446,GRANDMASTER,HzBBYU1qIDfxGIQK6_4FHe6sj8UEjhpscQ7CS4ZsgZBXWeg,DFM Evi,435,385,349,True,False,False,True
447,GRANDMASTER,f2X6OT4s8omz7UGMwz8_-ZP9GhPPC8JCgZPoDCStzDwrfs0,TySw,492,453,349,False,False,False,False
448,GRANDMASTER,PT1QCYYq0uG-SgVRgWE3GdAUm7E55CHw2FCF4zjyqpws2bo,Twlsted ,598,356,289,False,False,False,False
449,GRANDMASTER,MVohM8fNVkPHbm9610kAi4FHo3zK5OzTn3WGMpAg88oUSJU,aabbcc123,582,250,211,False,False,False,False
450,GRANDMASTER,op-FkrrFMpY4EAReQkiQCHK55pW3doKlKiewvPgVs1K1wec,서폿 is DOGU,410,199,169,False,False,False,False
451,GRANDMASTER,JoxayCg6J-QuW49RAOU0_LKuCzibZrkHc4Yr4xYop236cxk,kissing me,560,585,555,True,False,False,False
452,GRANDMASTER,i6i1JveKQqVsEgYni4FA-aSEDknOUv2Sd-Jdk2yzOhNCXA,못먹겟어삼각김밥,330,355,333,False,False,False,False
453,GRANDMASTER,4dMMmTIgT8NXF7fKuLuTASFpFapmyXWlhiY_CqxIw4F5aaI,8acemaklr,409,598,580,True,False,False,False
454,GRANDMASTER,lRAzowa03g6NNG4ev-NrmKHivsR5C_16-xNHpfw0wVqYX2A,내가강만식,595,189,182,False,False,False,True
455,GRANDMASTER,5884D1BJ6lbGpNx919TWeJ0uMFlmA41ztDmCOk3IDIiCRSQ,ydurxrd,356,722,702,False,False,True,False
456,GRANDMASTER,ZOEslBCebAj1DHlCV8Ku7DrJeHK-iLkTkliAATxTiEz-gok,여름별미콩국수,458,423,382,True,False,False,False
457,GRANDMASTER,FHBKZVCA6pFPzceyEGUt7TD4GK1vxDVmGBa-Rr3j9b_ZwII,sup1231,560,322,286,False,False,True,False
458,GRANDMASTER,uOQqHDvbZRp6fG8o0Y1TKsG-MvRZJuTuzVTtwClH9ZYZu-M,kelinn,556,624,593,True,False,False,False
459,GRANDMASTER,ly43TGPulhdeX4t6Fv9X3GeVxAU_K_YeA1ZyF7CjZFfgzEg,래 뚜,484,291,246,False,False,True,False
460,GRANDMASTER,DG5JGYF8nSlg7IlGRitBnX1nfuAbn4nk03oxoPRlZYURZS0,메이티엔마라탕,423,133,98,True,False,False,True
461,GRANDMASTER,UkE3VaPrIhvEyBvcyZJ8jzdZr4l70367lsvWoLsxlPj-GgU,fat sheep,393,798,677,False,False,False,False
462,GRANDMASTER,V3sMZu4UXKuTJfzJWDA8k0QivR6gtrdyGseSam5Gdu4Sxkg,스펠체크와드싸개,304,270,177,False,False,False,False
463,GRANDMASTER,uEzRVs7CYcIkm6w598nqB9SMnzy4n-dRUx4GKMRP7-dENwo,Yunohana,380,245,223,True,False,False,False
464,GRANDMASTER,l_sCT0F9Iz6MHp_mtvZDB8SheF5e5q4wS2ovKD5-AWKi0Z0,큰 대 빛 광,517,389,281,False,False,True,False
465,GRANDMASTER,0aT_ZIkeoSVzZR8ihF8lOvWPEMmvypBnOovBetdyeg6biEI,ELaB 1day5egg,373,211,180,False,False,False,False
466,GRANDMASTER,hhTyLwiJkmsLB1QtC-w1lxnT6Qn-P-OFRZu4cMD30_2-98k,yan cha xp,299,261,234,False,False,False,False
467,GRANDMASTER,km2zKdZBdIXHADzfAB82JDQ2iZJi4m3wRWREkhoC6QMH3WE,SPG Chasy,597,324,323,False,False,True,False
468,GRANDMASTER,5Tx7ElFYM87YJQCvje4rQ-jYi3GYFpebbBTyuLxfgf_WhtQ,맥도란드표식도둑,437,688,674,False,False,False,False
469,GRANDMASTER,9qJXXpl5haaLbcnf6doYUeQKOu16FFfyxFqAivQLcCIqyJE,zhengqu,290,760,747,False,False,True,False
470,GRANDMASTER,Jwkj8S4KUBrDvECI_y2bxbasUALAcKSSdzf8cMKKkngobgo,kexikexi,542,235,191,True,False,False,False
471,GRANDMASTER,fXOI8Zy3TBl2J1OEAf86tq5czepdVt7aGVnBdNoNL7e1n_U,Qyon1,412,386,298,False,False,False,False
472,GRANDMASTER,oNla6leE2wWGsaqEX02ajDVgg3L3tyA533kI_BDNBofNfSY,MeokMul,404,260,231,True,False,False,False
473,GRANDMASTER,-wlyntx86MCcrU-OLF_WQeyJq2W8ZOISow5xroVE_J8O5ic,SRB Harp,398,496,472,True,False,False,False
474,GRANDMASTER,DJz_JSI4_YKmQdoowVqT7hK64rWvbrj7poH0EywZRZgdnR4,StarSpring2,320,468,449,False,False,True,False
475,GRANDMASTER,S8TYm0GLVkkqX38xv_A01p3Ph5iYbPSk2H-O5s-vKYfduoY,road to ruin,435,478,367,False,False,True,False
476,GRANDMASTER,yP0_rL8rF6kqsmXkv3aO58nlMZf7ZQXDxZtgsNHY30RKQuU,T1 Berserker,563,533,539,False,False,True,False
477,GRANDMASTER,U9ku8qXLH833s7KYX3p1Jg6fhN1GgbakFLpIaRy7RHZjDxc,offonoff Colde,318,342,318,False,False,True,True
478,GRANDMASTER,avlsqi7RhZgKGRAyP4Rt1zHDE2BcJP90oitjb0GIiV5omHk,건드리면누누함,488,243,218,False,False,False,False
479,GRANDMASTER,XgUiX6itXu1W49rsej_FewrnXdaZ0-M7z-QpbMtB9hutNs0,초보들의 왕,458,561,474,True,False,False,False
480,GRANDMASTER,Jm-CW-GfL6HQa-qroVSY3UOdrtGz5macYKBn9j8tPUg5RQ,qwerlolol,559,362,328,True,False,False,False
481,GRANDMASTER,gVPMdmrlYK54-0KT8Wtkp_XxPvZPIfNYtDOviIYersTyCkw,BRION Wizer,642,219,186,False,False,True,True
482,GRANDMASTER,3ANLEuIlnhxlMNlHNZm8lcVQk8Nhg23WfZLLFNKo--VLrMY,저AP챔도잘해요,378,226,188,False,False,False,False
483,GRANDMASTER,PuARPVmP1zKuAD6QN3t2G_9V7Qh8aNnMEwgo0UGd0coeeJU,섹지v,299,391,366,False,False,True,False
484,GRANDMASTER,GBx-k9qfILUqHEthtimm_0_wipY1If8iFFxpPVZu8LkzCKo,충주 경수,430,364,317,False,False,True,False
485,GRANDMASTER,DM1LYgPjkbIf47aYYoVdY1eAG4LSVq8lkW3rt-1UEiZTs5U,SSW장형석,332,513,480,True,False,False,False
486,GRANDMASTER,dzgFN6KUO52G6Od1IYhEon8HxRDq2A-fCQ_oltoiyMFnCok,dkwslg,300,195,153,False,False,False,False
487,GRANDMASTER,BWIIww9qcQwFgepXEEbBM86nvvo2FTa9TCgCnF1_8YqUpgZG,갈리오 뽀삐,525,111,25,False,False,True,False
488,GRANDMASTER,NEjE398lEl5Gqn0SikGMRLrJG4BftdXq1ZEJiwYfJmpYOTc,langmanbusi,479,673,612,False,False,True,False
489,GRANDMASTER,qzhlx61-PmD97lRxdouQ0HaKJpR5aXkCd-uIckCwtuJ5LYs,Pokeman666,605,164,111,False,False,True,False
490,GRANDMASTER,VyPaW6zcm2oKHtILN4A1Yb7rv2EpUtqg2louQbOkKv_aJw,김 꼬북이 구른댜,441,284,247,False,False,False,False
491,GRANDMASTER,ZkxmW7arz1CgDrxOY6HDXCTsr-IJLyDecigPoVm1IVlNuOM,김떡순,326,342,304,False,False,False,False
492,GRANDMASTER,l1Kvv6Z-dctlRy4lFb9HdvzU2-MhSQkKtqacEnF9MUmNon4,EbbTIDE,436,710,678,False,False,True,False
493,GRANDMASTER,vyCDI00vN6xO9OtEockpdRXOrV04SXlL8fvbW7XLZOv9xSs,숨바꼭질,482,578,532,False,False,False,False
494,GRANDMASTER,LbpNs85b3QCApHZYUfJ_lhV7YR4uUOVpzqYUzTEtqhon05A,dasimababy,529,527,452,False,False,True,True
495,GRANDMASTER,QUH68EuwhuCQ_kxu1riYjwcaQB_Nu4YfUbHz0sAwoHeJ_EM,94NiaDzzz,364,427,387,False,False,False,True
496,GRANDMASTER,F8HI2ODIaYL85zXYS79LKZilwi_5zaCY4SJ20aVp29yBCZQ,SANDBOX Datalie,298,181,155,False,False,True,False
497,GRANDMASTER,2HDI14ZxsUshqfn_CaMJ8a5SNpxmAViIXozTW4zRTekiROA,BRB Mightybear,504,610,583,False,False,True,False
498,GRANDMASTER,Vqp8Np_ZnlTTIddKKdUvIc8TlSeQmOHn21eQEFrPDSwR7ug,xiao yue ji qvq,294,481,443,False,False,True,False
499,GRANDMASTER,J0f_VtJA4m6kvSE7UMdl1ZEHNFiwLXif2EAAOvyPRkUYG74,Gen G Meaning,521,921,896,True,False,False,False
500,GRANDMASTER,K9tDui-I3bTLuInn7CR1gpr9MU-n1UeZ_VFp3ekZUkYF0qg,고아길,362,231,203,False,False,False,False
501,GRANDMASTER,CHgOZJvlycGr99djKot5lHum0am2SPMa2mJXvnr6zFxGI98,Last Sunnnner,322,268,222,False,False,False,False
502,GRANDMASTER,TBLBk70M-WPxDF54ZNkZF2-buLcz551mtxtqlEyrClBpp0w,호잇이,570,803,768,True,False,False,False
503,GRANDMASTER,bOvHZl8rIp9RvHey5lz0KzlF4RUKk87GR976Vzp7UVDdERY,YeGod,551,507,462,False,False,False,False
504,GRANDMASTER,p4xPfR5RGOSLoVlGL5zu92XSx0FLG3QJyTWtV88jnz5hevA,Stitchy,543,161,112,False,False,False,False
505,GRANDMASTER,GzUudnvs4fDL-PWu-x4ATWghmm-LysB18DK_n0fPuyDhaW4,boom1boom,635,212,156,False,False,False,False
506,GRANDMASTER,c2Mw2iN27reRAY4wVJ6UJBkoq4LFnIXgLxaiMFt5R3wwIwA,chixiaoyubaby,568,377,280,False,False,False,False
507,GRANDMASTER,used5LvZpWag5WrFFAs-_OWJv2iqotLyBfZqDi9iHB9tl_g,lure heart,578,181,150,False,False,False,False
508,GRANDMASTER,PPt0-QCAYGMoBy3eDl1MrtE5C_snqKmYtXO8vsUXDrh1jhQ,shui di si chuan,636,316,278,True,False,False,False
509,GRANDMASTER,N2RKT0Tk2tgVf3adKCmYYAhA_boJkX3S0w_gyWGJSPXrtig,DRX 홍창현,622,755,725,False,False,True,False
510,GRANDMASTER,xVrJBg7MofA1-isCzPVHyP7EW9Bo6hjJGX-w8wWZVACLTgo,텐텐이,444,364,373,True,False,False,False
511,GRANDMASTER,62TlauqI1IaxdY8XjpkHTJCCeIgpSMrs8d9PbAdMbodetQ,킬러톱,371,561,528,False,False,False,False
512,GRANDMASTER,sV4U6FHXOtKDn3SM53YM3evpkKft5nvpiezDAZMjfkuf5g,게르세르끼,520,216,167,True,False,False,True
513,GRANDMASTER,u1f3pXbbIPMkhoWpmoSvFDP-agRba_W_WLyuWZDI7WLShQM,탈리 아 왕,507,879,877,False,False,True,False
514,GRANDMASTER,n7YwsObehODGfuYMLFA-X-wndOQ9ejLPINSMvxRaH-AkbPy-,Shining fans,487,80,54,False,False,True,False
515,GRANDMASTER,BLXVp4NaS8MmHOr6Jz4A6cif9dCbhWGF09uPMxz3cd8nPr0,Chen Wei T1ng,425,981,973,False,False,True,False
516,GRANDMASTER,cvxf6tXbVwGldBd1rtQHgSVfwbWtgR_9OOBoBnTCq4z7ysw,김촐래,617,138,87,False,False,True,False
517,GRANDMASTER,eMtMWDexz7f2URvahANnLzBCHEVbauxuZRW8f0kvFOr6ipU,Sciuridae,401,566,542,False,False,True,False
518,GRANDMASTER,Qy73Y1k6X3_7WXFaOxPqlKyQkVjoXVC4QrMxY3cGQ3v-LdY,Lv 1 너구리,478,165,118,False,False,True,False
519,GRANDMASTER,HBekaG9WiWQizwqcfI5ugn-ml1BkmZz7BtbwNpcKNLTKGe0,Gen G nyx,417,1096,1104,True,False,False,False
520,GRANDMASTER,qaBlD-mduAFUHTcN8V-BZqvxOKguGtAvgbnAKwtzuU24DZ4,수금토토일민우,472,179,144,False,False,False,False
521,GRANDMASTER,9FJY7rTICDkeoYL5ggLkwf7pbv_Z367zuRWV8r2XzJXeSQ,Youtube 성훈,381,295,267,True,False,False,False
522,GRANDMASTER,InuLamQMUP5sZr7zkCu_F-tYnc958VzSUK6CRFpN1a3Vyvs,함 알,430,648,611,True,False,False,False
523,GRANDMASTER,mOv7i4Ai06rtvYcoLAmrDrE00w3j464VoDVMWwYVtiV9UEw,추 웠,498,289,244,True,False,False,False
524,GRANDMASTER,nO-KJpnmNdox0OSpI0j7FNy-csECcMUDuE0xQwKAXZqrSBE,jiudaozheliba,311,704,698,False,False,True,False
525,GRANDMASTER,ne2lo9ZgoAW1brJip2UGaswitvs2oqvViozm-gp2oLgojNA,gkstmdals,556,453,363,False,False,True,False
526,GRANDMASTER,NqJj2-zFV9BxxVvcJUhioQOzl7SL5-cQVaGepdlROd_sM0A,손연우 남자친구,454,385,361,False,False,False,False
527,GRANDMASTER,xN4jVaadw0LXvFuE519rOy7DVjfY74tWClo83NFxDbUcng,전설의용사김한샘,465,609,584,False,False,False,False
528,GRANDMASTER,_8DCCgl1m_XzS46fINN2gIdI7iD-d5v6o_IzOJy9EHLiAwU,해강고 원딜,583,391,388,False,False,True,False
529,GRANDMASTER,46ABNErRvQ2t_Y9H3sAj-iV1rnCQy0QME4DTGMYSQk3E3GI,Summerends,494,606,585,True,False,False,False
530,GRANDMASTER,DewpZbZzNc3A6TrID6ZvaiTZKTr2_YEtDaE6HL_zG5TjRcQ,xzl존애디x,494,785,761,True,False,False,False
531,GRANDMASTER,PtOZQUr54rG9GaYAM_b9RPWtD0Zw1LS7Ah6LoUILChUyQGs,happy game26,290,305,282,False,False,False,True
532,GRANDMASTER,HsMLTNiRPS6SUBf4fwoPUQSHfPpryqbKHeh4LbLx9V1-MUY,HOR0,359,283,234,False,False,False,False
533,GRANDMASTER,kdXiRXVeiKixKYfoeiCzwDr_9C4ZcA8sIjz3rnMGFtKcQ1I,Wyvern,375,299,279,False,False,True,False
534,GRANDMASTER,xcr8p4SP3HFvJTf7-vhlvzitqVp8Es_HcQeilFoVo1tGb0k,승용e,295,511,486,False,False,True,False
535,GRANDMASTER,oK3Q6dC8Xani7ERh0lAM5wtVdROBzPh-89d0XtRkEdibEmI, SEKAI ICHI,518,646,596,True,False,False,False
536,GRANDMASTER,cy2mjLBkE30ZSugZXlXUFHISWUWtKM8hYJfVfxBItFMS1bQ,yuanyouhui,329,712,616,False,False,True,False
537,GRANDMASTER,J0VxCiygWbjGDDPyID44CQ0l8EoXQa8Ll39VRPZPzyvrXTo,mid bot cant win,342,650,620,False,False,True,False
538,GRANDMASTER,oWbLgZDK96GZI_ZHAkCm5Q6qpjRmIfvAjfE7ut0PwQIsdHs,소냐무,583,314,214,False,False,False,False
539,GRANDMASTER,fdGvxxRNXlIVIppqm7Q5R45rg2WTaiL6r99zzu69TzzZbBM,BRB Prep,581,345,313,False,False,True,False
540,GRANDMASTER,h32QDTruzf_JzlGo5M09Xq7jvXy4Zc6F5dDxhgEQ4hC72_8,ROAD to GoVap,513,565,522,False,False,True,False
541,GRANDMASTER,YQJCgIhzpk0SaVNGhFemNmVrlohEi-KiqBEn2pkq6ioFHA,다훈갓,384,211,223,False,False,False,False
542,GRANDMASTER,GzgwzZ9R3N6Qv4mauNoJlFZUXipnlCzznA0cX9Gx0a7aCXDl,모두가 잘 되기를,338,78,54,False,False,True,False
543,GRANDMASTER,0lqL6B9OmovWfu-jdnsjIlCpvlQorPCd2UxtlBBafJmumEQ,Arrowlol,639,256,152,False,False,True,False
544,GRANDMASTER,EEt4sGHTVHU-m4SZFzLx2ledG_LXw7ZlKs8LpWWRPriJPmw,Lpc1,451,407,374,True,False,False,False
545,GRANDMASTER,JENn-KuB6OY6wd0C5GGBFzxZdyZGv70HV2fmGGf6QAxyHhc,Marzss,333,759,691,True,False,False,False
546,GRANDMASTER,aDC107r8NgFLY3eWptyHszHHQUCI3jFy1DMiYWyprI4aS_8,xinnian0,348,247,187,False,False,True,True
547,GRANDMASTER,MrjcAhTI8kccNCZJI0KVZwIP41hny0DiReF_H55ZvroA_uM,따 균 Dino7,362,745,727,False,False,True,False
548,GRANDMASTER,Yi3TgyIyoUFehCss08ETZfAwiCPFYdtsARecC3KLaCLLtrc,zyb,464,161,77,False,False,False,False
549,GRANDMASTER,lEENknFhM29ylgwqMujUEuVFJ-Aa-vvTjRxayQVZoU5won0,MikyXD,591,660,624,False,False,True,False
550,GRANDMASTER,dq3bgZ_I1Pgtet0jijqWv_o28FZUppxn32rydhe2MO7SA7E,yiyu time,560,537,505,False,False,True,False
551,GRANDMASTER,yh6Q6IRZ-BDIrT1UcIkemnHVknEG3AoioXeIkzVo1RxBG9g,맛있는콜라맛젤리,339,845,855,False,False,True,False
552,GRANDMASTER,FITFIajxlFFGeP88J4ST6kWdeN-krgAccTtuGU6EfdmJxWA,진지하게 대하다,513,678,656,False,False,False,False
553,GRANDMASTER,m1mB3IqRtxeA6JJKubRFjMWeIVakybi6StXNtF4fpj7nLA0,저는바보예요,352,887,852,False,False,False,False
554,GRANDMASTER,YGfsRpgO01VvuwDEocmyZ7e7WXTdJsL-moVZ4Yz999_o3Rc,NaruseSh1roha,508,535,511,True,False,False,False
555,GRANDMASTER,kEUqYBfFWJTwydmGSxNAkaXh5DS2wb79gLF29-SSMK5Ezec,FPXzhaoZD4506303,572,595,507,False,False,True,False
556,GRANDMASTER,hALuCunKzuDwCXaTSHcvFWdxufHRSiAvLXVarLhcTc9xPEY,ad20,350,223,200,False,False,False,False
557,GRANDMASTER,UX3Vh2bW2wDeW0hUfn4n62ku4eWaasALaysUFSXfB_Twjb0,xinqinghao,560,517,494,True,False,False,False
558,GRANDMASTER,2FJGCs23FxwdnvM09-rmz56ZN3WNm564QEkp21Blz5dAxjg,플옵가고싶어요,581,221,191,False,False,False,True
559,GRANDMASTER,p2wpb1Ph4uVtRxw8FODsH2qadXgLlKFBeu3u3L3VXl5O2os,changjunsi8ci,267,618,537,False,False,True,False
560,GRANDMASTER,SKDwHTo-3p1ED6-2RZj6FsEW0900SbhhZoV1UR_unJaASvw,너무 아쉬워요,580,603,559,True,False,False,False
561,GRANDMASTER,48dlCAFlGTruYbU3u3A6mC9KTyIGoP5znA1JhDSpdednRU0,why me so diao,373,301,279,False,False,False,False
562,GRANDMASTER,2WCwvOtpCT1Ihq7bT1mUaiep-2IDBx8Te98XRBpCheQWD1Q,Freecssr,492,577,532,True,False,False,False
563,GRANDMASTER,xpjln0WUdgUE8qjs8iz4gb8TPG0-Hsn845XPzHXpf-fRaVY,Lang D,310,212,124,False,False,True,False
564,GRANDMASTER,TuObNeISwDLzbWf8AgJLUMRQ3a5j62-rpUsKRuIIVu73s4o,날마다 서 푼,596,404,376,False,False,True,True
565,GRANDMASTER,jZajXAxDFxfCogz9nIYlT47LcNAVhrZSJg-9Bkir49AwQIo,Gen G Peyz,411,461,390,False,False,True,False
566,GRANDMASTER,Qcs97y7rp11zEmNXNmE4Ex7NuS-ogREjXRk4Ej-_X0GYtw,롤잘해서어따쓰냐,339,133,90,False,False,False,False
567,GRANDMASTER,DBzvGBLcsogGi2eZUm7TA-_GND0TdmU8NsdtWRlyk7VJnJ8,SANDBOX Punch,457,524,506,True,False,False,False
568,GRANDMASTER,8WAezfvGbauCjWW_xHx-Jr4i8GWETkVC3mc9E-rJbohMhso,chenxinc,388,345,313,False,False,True,True
569,GRANDMASTER,qAqqN-2XlyGUEL1_0LSwwKMfEUEBuqf9JBZ0OKTJt2iwJI0,엘리멘트 미스틱,557,228,214,True,False,False,False
570,GRANDMASTER,54kset8A1-47A-UssRxAZXHFKsnWbr3ZAzf2y9gRNqD0OHY,Spybreak,293,721,716,False,False,True,False
571,GRANDMASTER,OYBnQ6d6u8xBf-_UJlyKzvy3hG6Qm_yJt2x2gnwtMLvLo-4,cl666,394,922,881,True,False,False,False
572,GRANDMASTER,fumkIOfUgpnK3XvhtkVcJB78elidbLmlZkaUQes39Js5R4M,Xjjun,320,436,425,False,False,True,False
573,GRANDMASTER,KK3o0f9l9o0dLSNcyq05x10Y8p0i1Prtpc7q1hDbqyOAKxA,탑은수튜브1,613,468,409,False,False,False,False
574,GRANDMASTER,I34_kW3VUmPNcIJZ6uN2jQ0Duz_JkzOammCfFVyqYzYDj2A,can see you,288,740,662,True,False,False,False
575,GRANDMASTER,Su33CBDeXHUpy-7_WKnwDvKkI38j6ggvnDAOK4IQB1dujQ,신선한제주알로에,332,192,111,False,False,False,False
576,GRANDMASTER,LjNOAUv74O0-nyXSBNG3JBdcs7bP3TP0HLBbELXidtSixz8,BRB Minit,511,334,298,False,False,True,False
577,GRANDMASTER,i-vircBBhWhPP0qROU-d4BnMl1rbgyKtpxBUkU2QE1bkxu4,SANDBOX Howling,674,373,333,False,False,True,False
578,GRANDMASTER,oektSZhlIKZJXvK5cOVVrJ7qpdM-WXZgaUawSn5CfeRw5qs,black kitty2000,278,331,302,False,False,False,False
579,GRANDMASTER,DcWfbK4B1bOsiGT8tn7t8PHDXl_SFXtRz2Dj16a3PJ8dAu0,Gen G Rascal,600,268,245,True,False,False,False
580,GRANDMASTER,-ZMjBZsIJEJsTutrA7sN4J6xT9l51bfK-jBp2_MuMmo1t5g,금천구 칼날주먹,601,570,557,False,False,True,False
581,GRANDMASTER,QYIJIwgE_zDaX0_2GuJ2xnFL6LwFeZwOA4Sv81WYVtkt6pk,알파몽,423,268,231,True,False,False,False
582,GRANDMASTER,2TlTMHCYBFyvtXKcPZcu2ywBR0K5JbGjDU4RjoNS-jtv1L8,xuxubaobao3,463,191,149,False,False,True,False
583,GRANDMASTER,NSISf61DRRRsAU4KpeX8OrEMfc4F17oYm8gc-Q1MeDeJEsQ,asdade,598,481,444,False,False,True,False
584,GRANDMASTER,y_fpL49FghLwJa4eoLU679LTCCTnAnXD0W-JBkcGLJ_PIXL6,salad chan F,591,193,103,False,False,False,False
585,GRANDMASTER,nyTiIHzX0QpIaBb7oltAbHXtJaBeCu0uCXGFhWfXdvqxWFY,qer qer,316,464,359,False,False,True,False
586,GRANDMASTER,8HlFMWSrgdfb_mmfOK5KBl5y9W1NifN4cMnZ0U8sZ3Da7S4,IlIIIlII1,550,560,517,True,False,False,False
587,GRANDMASTER,MEJoGqwsGdN_gLMzFo1gb2K5xKQewMk6Yq3Zb9WSDgrLjCw,MS77,360,629,604,False,False,True,False
588,GRANDMASTER,XvDlJGL9Yf5ggw71DiqUla9tmoIoigX-5Z1KuhjpSrGTdZQ,Atlantean,460,187,156,True,False,False,False
589,GRANDMASTER,9gOEvia8KHZVJQ6g58yVQPLCk8ZQFKg6i935ylAtBv4oxOM,xixibaby,494,281,188,False,False,False,False
590,GRANDMASTER,xFvD3oQuY6VlmEPVl2GjdCVDjaMUtH5k8FAvTS1lhbX4yH8,Adorevivian,284,454,445,False,False,True,False
591,GRANDMASTER,wupZr26eH1bFax9_m7W7jL2dXqZ8WmqqXbpsDwdkhcPFQzo,쿼붕스1,326,314,287,False,False,True,False
592,GRANDMASTER,h-ftOJPdMlzMRO4Q9nmp1gm5ylHGUyso1d1ULch3Bty6cu8,ca1md0wn,395,305,294,False,False,False,False
593,GRANDMASTER,MvEdenUJjPEdSVHsq_VSj7XZXT_vN1-OPEGHwWKaD4QokCw,zai wu yin xun,353,252,176,True,False,False,False
594,GRANDMASTER,3V0VY1pEqNVU4bdOe6ey92lUFh0npwQvoC8Y1Ryvk86Ohcc,sgpzsp,485,550,529,False,False,False,False
595,GRANDMASTER,nAqtCaF4ackXreT9q5U3ckHrUnYxmCpCjyHZ4OXopds3y8A,zdhqg,376,963,848,True,False,False,False
596,GRANDMASTER,n-NuqPTqp1gdayICmw_MvVhS5m-CiEG8Lyn_CYkMhYb79Rk,장래희망우솝,474,300,244,False,False,False,False
597,GRANDMASTER,3ePIkQ-VB4Fw5pd8QmpI67vkYvKsY0kpDn1yCAS2JCkxbhg,Gen G Dice,473,1048,1014,True,False,False,False
598,GRANDMASTER,U0qFybK1z01uPsRK2n0KggPO0xlZUe6oxfQNM0V2a6Ui5Dw,Ar1a,593,683,667,False,False,True,False
599,GRANDMASTER,yOGxxVLMKYmO5s97m8dV8j9hplJQd_XYWYc9bvJ9PNZkfskb,이야기 흉내,324,157,79,False,False,True,False
600,GRANDMASTER,-Xs4HdyKYKU1OgAw-RGufYiXsAHVmMDfh2IN-_NJdOIpOFQ,힘들어요지금은,311,133,88,False,False,True,False
601,GRANDMASTER,Ky0lZLYWZYf0EhnSUQQiG5Q4xlRP3pig3fTL-y4w5F0woYc,더높은곳으로비상,329,231,196,False,False,True,False
602,GRANDMASTER,DND-EOEMiTdSSzUdrto2yPvUnl3_mIDOXjZqumweWD6wE6Y,S10FMVPH4cker,336,249,219,True,False,False,False
603,GRANDMASTER,2NdwR4RZfEJ4-8uq7s_xy8Zq8ZSuI2EM4ntqQgBC03r1Nw,117777,415,532,507,False,False,True,False
604,GRANDMASTER,sMLKNnPsUWToaymhBsSDlPxqlb2-hDpZ6pkYlldTk_J7Tr0,tuinoobtuixinloi,645,562,541,False,False,True,False
605,GRANDMASTER,rT_B49hycFQmmE6YT87vXMDghGId9HQ3hPuOoswUNgnjvA,Tuan Mi Mi,299,162,125,False,False,True,False
606,GRANDMASTER,vNk7n3qC8j1lUtZn2l50lH2ilaZjtzqCSZLiuJPzmJgmDw,둠 심,333,274,237,True,False,False,True
607,GRANDMASTER,DYKAT7qVgqXgM2xNXcbcUbfHLm2UbHAm7MSds6lQiT_-xwo,xihuan daye,358,206,180,False,False,False,True
608,GRANDMASTER,e1rWx5FE_qGW83d9l49GSlwBqdOznmEmh9MDuiEfslZ3Mw,섬집아기곰,311,107,69,False,False,False,False
609,GRANDMASTER,SGs7gkk9e4rWI-OFttBxG5vmTpzTk9xX-MPPwU14SQjUF-4,불꽃남자신동진,371,496,427,False,False,True,False
610,GRANDMASTER,ylTP1dQjmQOUWsc1EEczOeWFEUj847UW5drZZtdNnl8_w6Y,ANG TV,440,824,800,True,False,False,False
611,GRANDMASTER,x7xEj7iwLoPkFnzs7lCy2M_mamO2XbRlNkUz1lcu9dEyjAo,zhendeshuang,338,730,676,True,False,False,False
612,GRANDMASTER,Bgk9ube1mcgDaABioSWiynXas-1BPkaSapzfGPQ9YmsMVmY,Rise,538,231,144,False,False,False,False
613,GRANDMASTER,4XLi4oBOXpiMNqzrdHXdJEqOm3a8w0u6B3ZlDnmADmee6-I,사탄의목소리분신,328,848,823,False,False,True,True
614,GRANDMASTER,woQPTdMGfN6F9cYpFVORnym6fDIe-jURt82s5bOcu88_hAA,헤라클레스1,363,622,585,True,False,False,True
615,GRANDMASTER,NXXuVv2KOaNqVqZIYVIHA-2o-KBAplFLiCBim_Kfa3zmKCY,무질량,366,255,219,False,False,False,True
616,GRANDMASTER,s4_j8TJPtDKtC7oN-D-nVhk0fCMR5i1vkD28D-FKigoWsA,프래디머큐리,419,292,170,False,False,False,False
617,GRANDMASTER,fWrZFUY3FojBM9mDN6JX_hL8bghNHGALHgGm9Z8ty50D7b0,07050917,483,241,199,False,False,False,False
618,GRANDMASTER,J8aNVS5fMWb1TPO3FheY4EMJdQ59qdzXg5OcAmBOc9KYpqc,GAMBLEER,367,1242,1224,False,False,True,True
619,GRANDMASTER,20BQ09UA01mE4y-UzAK89IWHiCvSJMNiQcfXU1SexsOrURk,전도메타올라프,590,281,178,False,False,False,False
620,GRANDMASTER,8wk4Hb5Btrqf-p0XCer11EaNjRUQcx4fhk7KEHzksbcX1I0,DRX Merit,362,583,557,False,False,False,False
621,GRANDMASTER,Kad5geacLG1rhWn6grtsewtSEhJQbCXCTTYz5wOBThqO3w,내고추를보았는가,467,713,674,True,False,False,True
622,GRANDMASTER,oEtI77yOj-RTMen2n9WSVWokkNIlwfB2wZP66GPt-ANFpkI,Sei3e the day,482,693,691,False,False,True,False
623,GRANDMASTER,7pjo2sHL3KtssLaF-cU_dJ_kXHt02cFTKIO-KxLkWtVsHlA,950502,342,126,97,False,False,True,False
624,GRANDMASTER,KuMhAOo_5vh3xd8cNep7wHUXT1E28qe9J-ZWKjdJ_a08NknS,FPXzhaoAD4506303,422,167,73,False,False,False,False
625,GRANDMASTER,Qh7lhG2itpCTYgQMzy4pcrKc7vv9GHwEbRjl0D4wiCmL1yA,EM Envy,399,315,286,True,False,False,False
626,GRANDMASTER,Dtqe2OxQBF8U71ipn1BPRGoT39uo3ey18I-lZ7DJMRgB9O0,팔월의후지산,430,573,531,False,False,False,False
627,GRANDMASTER,-nhnOuGNInbc3Ji6Um-b7NU2hATa_W7Xha0EkHQeSkN28cg,zuo ri qing kong,462,625,563,True,False,False,False
628,GRANDMASTER,esU7BwmxBSV-5-Kpw63ODGTEditpsE-owb1h5NfhC9PVklo,뽀허니,344,564,539,True,False,False,False
629,GRANDMASTER,kfCrk6Vpx5aFxt_6qFN2LMcDUGlo5mN8i8wlTcXn4YqkVTXW,Hiod,468,189,102,True,False,False,False
630,GRANDMASTER,n_BeR-u_coquAOlEC_TpHCCePnO2JpucXJpsERlKZKqrOwc,에르피디,517,367,302,True,False,False,True
631,GRANDMASTER,lJ0VfNNbk_OXod88G0C_KC8sW3KoEgFOwAiHbNfKYUCggw,유러피언골드핀치,345,371,248,False,False,False,True
632,GRANDMASTER,P9LNW8--jpgq1lMSVxj51F6pKevCRFZxJPm_sWampH58ZQ,쿠붕이,573,334,323,False,False,False,True
633,GRANDMASTER,zE-hIL7_mKuFK-ND0rbkIcanDGsNCh9ITgDQ5HxL-rapxnM,AF MapSSi,469,424,394,False,False,False,False
634,GRANDMASTER,tChT7NmbchYePZp9fToAmPwNYV2cExD1EglQscbJnfBy8sA,mash1marOwO,575,188,177,False,False,False,False
635,GRANDMASTER,lZhMnmucpbRoKktJvSwomR2QeFGIBMuoipQQfuPfFJHkztQ,PESK,480,470,440,False,False,False,False
636,GRANDMASTER,hQfYtQ0YdQzoa5g2Po0OhcyhVtLzk21feYT1JlwsqhQ_CJo,Ereve,318,134,106,False,False,False,False
637,GRANDMASTER,wZ9H0olwOmZyJL5XUscixzcBRsLRCqSUdQ2EbW_H9udn8w,쵸붕스1,521,149,136,False,False,False,False
638,GRANDMASTER,st0qdET_Otw76WhyazhnQ-E4SY7yJGXVyVRpfEXM3DLmlhA,zr쿤,363,363,341,False,False,False,False
639,GRANDMASTER,-7g66Rcq5AAxW0XUV30emYtcAjuDQuTP4wv2l_0wsgb5UhU,no dream1,469,516,492,True,False,False,True
640,GRANDMASTER,c5vkr1ZdOQ6-G1-Or4h8_wMHIj6XUGCJozB_z8tNDjaWDwM,가루눈 OwO,508,235,194,False,False,False,True
641,GRANDMASTER,NkXD7_SycRidDpN3X9T3oVeY1-6sxqne3cTww2CediH-IRU,IVERN KING,291,331,270,True,False,False,False
642,GRANDMASTER,_d4KWEfybi08D8OQvYHBWBToR4qmdYQmb7R6AJpUgJ4bjQ,Be Changed,291,174,141,False,False,True,True
643,GRANDMASTER,aKYZNX7zHMxnEWFlxjFRZKD2KuT8U_Xwqjp3VyJGL0KN2fs,은밀한뚱이의꼭지,537,151,107,False,False,False,False
644,GRANDMASTER,Glc0l8bcIUJyO-F12Zj0KUFZk2kDk7vFwsi-enX87DYxP70,cqpo,342,984,965,True,False,False,False
645,GRANDMASTER,ZO2Lpf3IIevFHflbNdpSjDQNIzYOwp9JyPUZMajGebBskXE,King of rice1,605,686,651,False,False,False,False
646,GRANDMASTER,Kt0yuCe6M_BvqFg6PDiisyVKtwNKF0f62KX7CGQ90Ca94-w,서폿은 무쓸모,362,207,169,False,False,True,False
647,GRANDMASTER,xb4z5qwlwZ98NvxZdHD1Nt-zIydl2gau6fbR3V4SFSxOxSI,pig k1ng,262,1072,1060,False,False,False,False
648,GRANDMASTER,a1oEz5CwwPCE7-okkZJozQrwA6CPkODlCf3lZy_DWMRzhXs,Aibbly,549,863,792,False,False,False,False
649,GRANDMASTER,2LwZtH0d0p8cLuyijHtqtODeVR7sLE39huLyGZModgemAKA,ZILZ,359,285,231,False,False,True,False
650,GRANDMASTER,PPQly3ShX5c9LiCzefT-PnKC3vXKcA0T5ZcDsKiRv88nKgM,Ayue baby,457,637,546,False,False,False,False
651,GRANDMASTER,tfh99q_RqFuEgnOjSjoFjZC6VWyaYV7xpHppf1YuWHe1wQ,tinychild,440,352,310,True,False,False,False
652,GRANDMASTER,hmVngInCpTW-zaH72kHbNDxNc6gOhi04El3mFKIEHgPxMDI,갈망 하 다,600,527,468,True,False,False,True
653,GRANDMASTER,DFs77Zbj4K9DItEEpTn32RX8Nyfujx5xdAYY9-1vjzgWvH8,성계차이,300,500,416,False,False,True,False
654,GRANDMASTER,99lGoTIQtPmdxGQez-eEhz3r6h0jOVsHybTh2W-buWt5oA,질 듯,532,540,507,True,False,False,False
655,GRANDMASTER,-4Pi_7LLwFr7-JGOqfa2jWK4B3GaDEacBHYENShR9RhCRLQ,참포도나무,494,522,442,True,False,False,True
656,GRANDMASTER,9B20UeGnANhBycyChBOd1qb0iMcy3p2zdXLhsCIaNakaaxU,특 급 혜 지,345,271,277,False,False,False,False
657,GRANDMASTER,wEiM6ViFFNMFj8Supf7NJTx8nNbOfmbBxheLtUYTr3cPWSU,hewon,454,458,406,False,False,False,False
658,GRANDMASTER,hEm8pUQL7wcAICxZxcf18_RsIFxpyvsmgyPrXi2M55f7p_c,tnedifnoc syawla,408,89,53,False,False,False,False
659,GRANDMASTER,JcAqxQiOFzvAM5G0dldLvjtVZvR-O19jZ759ng0XDapyL1E,마려운남자,402,702,677,False,False,False,False
660,GRANDMASTER,KXhWOvbz-RniZizxl86wZPhe_JUWYBX-nT9fAgs9h-n2Pw,아는만큼보인다네,464,614,583,True,False,False,False
661,GRANDMASTER,LjNA1W_TjXCcr0Hnz5uAXWKzdNASZ8oekNYp-w0Xhc8bkng,gelaoguan,535,550,512,False,False,True,False
662,GRANDMASTER,wvykmyyIanAaSyQ5dy1lNfLRoMqkWugh-t5yKOHnQWyK4Fc,fasjklfasjksad,386,231,185,False,False,True,False
663,GRANDMASTER,c3qpAQeSumw56uZEeN8LjhkQuFIgaafIcLuX5AklLcKp3cQ,Neeed,329,345,309,False,False,False,False
664,GRANDMASTER,zdalZ7m6GjHViCssQQROEgwPvMgsdRbgwXZlZwrsX1faHJY,에이핑크,305,256,231,False,False,False,False
665,GRANDMASTER,soeXrIdyuaQgw02NQqW26VuspKBvLsg3sD81ltNqEEhuEwpf,wen shen z,377,379,300,True,False,False,False
666,GRANDMASTER,uAD_bfvWskekjMpndWGM30oqEuZWmkxV-swKi1nBHJVvBhQ,권 예 솔,292,173,115,False,False,True,True
667,GRANDMASTER,iHuuz6uvniAxcLgXC2NVYaPFyUVD9fJIRC-P8q9ypeoZr4s,일렉시드1,265,162,152,False,False,True,False
668,GRANDMASTER,Zd4CnAz_nJhWhXgIgL6QyISWnMYnmtWhNljSdymVgrJBIGI,탸 릭,558,325,286,True,False,False,False
669,GRANDMASTER,VJKYYHjLNMipTCM05bkq5NbFhjzUNCOuKb5fWFvCtnjOWw,같이인천여행,407,119,79,False,False,True,False
670,GRANDMASTER,XUYCR_t8zqAT_q3wzswcft5n6tg_X1mjtw5Xd9pDw1GsXJQ,미안 내가 빨아,338,487,468,True,False,False,False
671,GRANDMASTER,y0XfwqrsAi85XRF1jQXuBUu3-elj9k7hVOH7zXJ2UAnc9A,흐 림,485,51,20,False,False,False,False
672,GRANDMASTER,1biclfvSdccC6Xon3EBFPjjtrO66U22rPAlqwXXaHKKNT7g,lingplus,384,226,222,True,False,False,False
673,GRANDMASTER,lQJwZ2jjPzah7j50hpeCsC1-MmG4rkL0htjztI6RU_-h0-Q,내가 닿을수있게,415,122,87,False,False,False,False
674,GRANDMASTER,d9N-W05inZp8gvk1pIYYtQaO6y4kwYtS-OH7bBlv4nFAYKM,Give me Hope,322,514,480,False,False,True,False
675,GRANDMASTER,qBDjKz37DVuXFAjGdOCiCZOEPYBlo74YicC9k1Qyy2DB-hQ,Godjuan,454,477,382,False,False,False,False
676,GRANDMASTER,D2pgdDmzxcpHoccqYKIyoRekGXhY51eZLdHqjudY1D6nWw,이승용호야,555,308,282,False,False,False,True
677,GRANDMASTER,tiZDrYcpoqXsaLJ5kmIkDMSeQx2clKyHaxJdUjjTBr0Y2UU,JamDDing2,316,390,342,False,False,True,False
678,GRANDMASTER,oe03wUzqBVY4z_y81DEB0WNejK7CrInCEeCNYTUms45y8Nk,이해석2,438,517,490,False,False,False,False
679,GRANDMASTER,1HJK1hjteNkGxNMFn8XQiRP_mqbNQjgZvOUfuMa4eCbxCbg,Lurker1,301,92,61,False,False,False,False
680,GRANDMASTER,wn5JUms_yo7e-zcZn50sreZwJE-JuDmScwiPU8H0xyvNPg,Happy Cats,354,171,132,False,False,False,False
681,GRANDMASTER,d1m_vN1sCmbsJR2XNtWk-FAhPGwiUSsEZ3BvTkPCleGPbRA,금두더지,351,132,90,False,False,False,False
682,GRANDMASTER,mZStujeScLMikkzwTvM-iQ3geP1T4VBHpbKXH2mKHVOQPOs,빡 표,560,472,449,True,False,False,False
683,GRANDMASTER,juElEr1NKlQ36h0jtt3kjYDRR50BcnmF_iqh3oxWQee5EYI,Wish u happy,357,201,110,False,False,False,False
684,GRANDMASTER,zzNqSgoaRGsNp7LaibLeSyP6WFqLpmwsNtvYKVfIPL48L1I,gei wo lan buff,588,598,487,False,False,True,False
685,GRANDMASTER,tDdYR42mOCZIxHn2uBLI8FLXf9_0HS4Rp4lwNaRk7tPD-MU,Gen G yuzin,319,631,614,True,False,False,True
686,GRANDMASTER,6-QUXPirYsYN3b8Dzt1kIsEHiuPZENWW0HvPy_LgDhcPgVk,fan qie guo,469,597,541,True,False,False,True
687,GRANDMASTER,SMD6PD80HTjQPQdTruFFlnPlRpGnDmg_L3LcT5LshkxblF8,어사놀이,377,204,151,False,False,True,False
688,GRANDMASTER,RrlyobjlhnrpL8g1sAjRyZis3hOzajKLKRxUvtZFoyOADXD7,ke ai ke ai,503,267,179,False,False,False,False
689,GRANDMASTER,VK2JXaC4DpdCrqiFsizcdh50tSvwzrUjnaySl_HUExN_MZM,Zixunbaby,391,623,590,True,False,False,False
690,GRANDMASTER,_lnTieEDSnpN_0MGTLFzFp2AAoc9NdtzizoUDUvV3equTmE,짐승 ad,426,1170,1144,False,False,True,False
691,GRANDMASTER,PPkZt3NWJrpBTQYdye6KVPfb8045nRPi8bHtMyXgHEte7g,스누피2,498,399,391,True,False,False,False
692,GRANDMASTER,SIKUieGDKmxFhWTipnqSqaWh2-D2bPlhhcY91WLeuDDOwhI,Chu9,621,246,197,False,False,True,False
693,GRANDMASTER,4CJiu2v28lTPy6YMTd8n-ECSX_TXVBBIyb32hhd90aL_Fto,saaclzx,471,533,511,False,False,True,False
694,GRANDMASTER,ZFJ_0JQB3B_-EitcxibgZabv_p_DsWuexqfdkevi5jt5-Z8,Calm boy,300,184,113,True,False,False,False
695,GRANDMASTER,cIKgIzZ4o8v-_Ikw4SwYv9CyIvLlmJDYYyj_jTUTfCViLRE,하 멘탈이 터진다,490,506,474,True,False,False,False
696,GRANDMASTER,uELgaIksdgpa19bfrVpnzOXEefWM9Lpzyaax1a-fwFEEPKg,아이셔,321,104,21,False,False,True,False
697,GRANDMASTER,iYr77omnmvhYEBh9PusyPn7RoxUSLHg3bW0tUZRCvV_oAS0,정글이랑안친함,409,464,423,False,False,True,False
698,GRANDMASTER,Nd6_rIe4qqJ55Bq5fUz1booGNCK2ReHSaqqqjhkP6OL9L2M,L1sure,311,254,232,False,False,True,False
699,GRANDMASTER,1GLarIUGL7X_iqJW6eom4mmRWFuH1ZJfJqZsCNWVb6A56w,엉민이에오,364,574,529,False,False,False,False
