tier,summonerId,summonerName,leaguePoints,wins,losses,veteran,inactive,freshBlood,hotStreak
GRANDMASTER,h4W-lj6-4EJXTJNI4zKzBsvaxaN0KOA85RquXae1Gs73V2E,승지부기,628,118,88,False,False,True,False
GRANDMASTER,jEvSiW3pwibSfg-seb6EaqXF0nrBdeJcXCk2IW4G_Z7FBKo,승용e,295,511,486,False,False,True,False
GRANDMASTER,py9MQwYNDTrI2wQs9adIh08wmRnW_ZnkK5-PySRfWXc__xA,yuanyouhui,329,712,616,False,False,True,False
GRANDMASTER,hOaPWHGGYhgzS0TXi7L45sonbTx0tYM0y51x_l32H3fW55Y,dasimababy,512,526,452,False,False,True,True
GRANDMASTER,ItjzIgS8Q_pwX7u9EWOgg2UhnffzQir82fWa9PaWDW92Sus,HOR0,359,283,234,False,False,False,False
GRANDMASTER,0ZYEuv3uTVru0NdCc61AULDEYmpNyMadYEdXQAmglJSQLGw,Wyvern,375,299,279,False,False,True,False
GRANDMASTER,K6JOz646s1m9VfEKAWF03GUS_3YGU8XZunryTBiOipM7RQ,엉민이에오,364,574,529,False,False,False,False
GRANDMASTER,HsGjMrdhfjExoe8-4bO2cSgbytfL_i-Rc6-We_vZ6Mryefs,shangdan lihai,608,396,351,False,False,False,True
GRANDMASTER,iK5eFtajlc_Zk0ByoV4Fk0VqgpwMQ5Z2fUZIWtL0P9PZgA,압도적인,579,145,134,False,False,False,True
GRANDMASTER,y1pUJJPd79SaIFKFQfA07eud1-CZRi2q3SwV8mb1AzkoNCg,쪼꼬맹이 딸기,404,341,314,False,False,False,False
GRANDMASTER,vpH-Mgq2VAJQX8Xd8Tg4X6diVeLf5NNwznNaf8t04NdyS9M,카루이나,323,271,245,False,False,False,False
GRANDMASTER,WPkI0TABOrXn9aikrTKwpy-MF4Sm2eoVK05CV2kTmsMztPk,맛있는콜라맛젤리,339,845,855,False,False,True,False
GRANDMASTER,iggWuN4uZ_tObntdKSxYb_rqOAuIghUksqOiRJfZxqsGDHg,xinnian0,348,247,187,False,False,True,True
GRANDMASTER,A1zt52FVOmSG065JGwbbVINz-OnXyQexeBsWC-zuXD7MauI,iIlillisl,409,327,233,False,False,True,True
GRANDMASTER,N608ItNdMEZECBhOlaCHinKM-hTTVVpoe1GlweaWBW9yTbQ,Gen G nyx,412,1095,1103,True,False,False,True
GRANDMASTER,_sEyhlDX9bio3xx2LbDxUTBaio7Bp476QU0m8jzedNIKNQ,상단차이죄송해요,394,605,565,True,False,False,False
GRANDMASTER,wTSn9h6nLLRw53xHuN51a2CsW1rrBBt6Cuv1szUKeJkysTs,나 는 식 었 다,389,288,214,False,False,False,False
GRANDMASTER,_V_0eYuqQ007Rku0Yp5T3y4fIfeY-RVNvoy2OtWWJ7OW-QLB,모두가 잘 되기를,338,78,54,False,False,True,False
GRANDMASTER,8vnQPCuyvzhUzbY0oIBkTwVoe-n0DujKaER-A82vgFax-Wg,녹차라뗑,424,797,791,False,False,False,False
GRANDMASTER,e1-PWqlzsFF3f3YFCAiBxrtvOnhi6q5wz6fDx305ue6Ybcw,szygszn,529,713,683,False,False,False,False
GRANDMASTER,eD4AnZtWVIx_WAU3O515Cmf_tRkk2lbDgsEP1CVfRcbAyLk,vt77,362,256,232,False,False,False,False
GRANDMASTER,uX_1vfMcnd_CT15M7CsG9ymk86nFTVIan4GVWO5Mwyoru78,T1 Oner,616,941,803,False,False,True,False
GRANDMASTER,ELnnS9po79QAGEXVrSRY7mQq1lBRiyfHHeJdUazTyglBgJA,t악  마,560,715,693,True,False,False,False
GRANDMASTER,V07Fwoh3-VOygG4H0N0CDGWglvhle4Nc8yYkphqE-Cvmp1g,Marzss,333,759,691,True,False,False,False
GRANDMASTER,neJPyQOfJBkRxwZizHfZrmzTrbps8eIaIE5_zYloaFt3r2g,고아길,398,231,201,False,False,False,False
GRANDMASTER,e97MQDGZ1ZWtQ1YlC_H2iB-E09lLQM__hvp6kfZiCKycMA4,힘들어요지금은,311,133,88,False,False,True,False
GRANDMASTER,F3rwqDjWBzUFIzpoQ7Xx5fD-ipAPfs8MgMTmWHJ10su505sL,이야기 흉내,324,157,79,False,False,True,False
GRANDMASTER,oUwcIq_magU72GJJd7vFvj3qbXAWoUIoDkHtjOFsvQfMBVA,Sciuridae,401,566,542,False,False,True,False
GRANDMASTER,2c62dzEnm9f3VJunnvfnuItmndQh3MRLXVEU6BznBqiEZLE,전도메타올라프,590,281,178,False,False,False,False
GRANDMASTER,ZCvzUwfR7o-yb97xop6-PQHSAyLnqcsnj_mZv-Pncr2W8Q,117777,415,532,507,False,False,True,False
GRANDMASTER,oXK1Gszuvv7sX3OUDDPd8gxr2AdKzPLHfKReoWk1J0NfS4U,DRX Conus,355,371,346,False,False,True,False
GRANDMASTER,QeKr1cKpv1C_yuIDs9pzgPuoet2NVvqBATlyhi5XqUvRGt16,Shining fans,446,78,54,False,False,True,False
GRANDMASTER,lsQ6TtyPolwuFQ1fWxjA9dIf9XuYLv58D_m19u473pEVT30,xzl존애디x,493,784,760,True,False,False,False
GRANDMASTER,MuKoIJBJ4MyPQ0MEZe2XyTRIpYfIe6PzDckitJEFUdVqsvQ,해강고 원딜,566,390,388,False,False,True,False
GRANDMASTER,-LhBdYUc7G5lFF4nFOWr17pdLJAfPMdsi9xVtLQxpPzUVaM,Momoko1,440,509,423,False,False,False,False
GRANDMASTER,pSBomRuNMs0FL2uv1FAaX7Z8R1ytpzpE-8r2EhJMbT4nFSA,하루20게임,332,689,671,False,False,True,False
GRANDMASTER,3cFEn9EmLPp-rbGFrKCLkk2Qew8aUJzdeGbvxrFOnm-Kkc4,인선이부하1호,317,151,124,False,False,True,False
GRANDMASTER,4LwnO5bklmvrRaU7rDGw9KfT5b28MRcxw9BUJQ_cy4UWJg,다훈갓,384,211,223,False,False,False,False
GRANDMASTER,hmiLotvgD3zdCsmQf-zFf0wUNWphOaf1F4q2LgV5OntrP0w,xihuan daye,358,206,180,False,False,False,True
GRANDMASTER,vP9CwCiAHUy95I6bAZXPl1HEoObnTAdgCOY4Id9X9Irk_78,Summerends,454,604,585,True,False,False,False
GRANDMASTER,F-1QVe0C3TbwieN3nCV5r9N8kVsuJYs9mVGim1A__vIz3Gc,김떡순,326,342,304,False,False,False,False
GRANDMASTER,jkE9OgTO3Of02j1iDGUIIzr_Q0HoWRYVp2oAO-BYsz0oPTw,pig k1ng,312,1072,1057,False,False,False,True
GRANDMASTER,BEHTnVJzrD3SyfduLXJWV-4Jt7zDJgK0MPZSCQYGaFvPZsY,늦잠을 자고 싶다,469,446,340,False,False,False,False
GRANDMASTER,Pq08EeGnzGWpY8uFM2lPsHgDeF0Ru4NVfinO_kKYwd1p_cg,그냥 승리를 원해,369,416,386,False,False,False,False
GRANDMASTER,fbmAvAr9VvjhponCThnTTUkYP1GuhfOsISBOkus0QcSaM60,lingplus,384,226,222,True,False,False,False
GRANDMASTER,OjQKeSi0aI8O9zBkJ5JTieogoMuiR7ZLy76OOXHxQ0UtxA,바 드 본 좌,360,470,454,False,False,True,False
GRANDMASTER,0H0rm1JdhqodVWWpmeLmUoZT1NV8FE3e4X9_6ebqrmzMRxU,햄이너무조아,291,304,272,False,False,True,True
GRANDMASTER,oxOqAKa_G17Tvk-zRnLHfZx5LRyGOVcna69bWCEecIZr9Eg,저AP챔도잘해요,378,226,188,False,False,False,False
GRANDMASTER,kJbdEzv6m_pRZQQ5MqrK-vEzmXlOcq_6r2cIzugEYcFN7FU,CHANGMO1,433,886,862,False,False,True,False
GRANDMASTER,Mea53yB8VgG2qTf-ATlyIKG1PWvJyN5rPPPLVZXD4O8wzk4,건드리면티모함,398,280,254,False,False,False,False
GRANDMASTER,EHyIYYUJ3fECkbGys-5QxnSHTEyTqPLMfvlHDwHU9brniZc,NNKKJI,544,814,737,True,False,False,False
GRANDMASTER,2-nWQ4QtZuBRG88G6fMaKDHb87DLCoeoqzdurnDptHRbWNE,장래희망우솝,474,300,244,False,False,False,False
GRANDMASTER,is71efLmcFF7dUTHwvym50m2dUs8NQ9k8sGrKa-yMVUCXT3u,wuwuwu wotule,599,186,152,False,False,True,False
GRANDMASTER,BqnSu7_IOM7z9Dxko3T0SegK9zXxBNYkJ9c3n_Sz8qzb_g,아는만큼보인다네,464,614,583,True,False,False,False
GRANDMASTER,PGIpdqZ_2mk382Sc_LKSlxsAe1wRsFbrixeMu972nzHpOhA,래 뚜,484,290,245,False,False,True,False
GRANDMASTER,wmIVM0iqydoLecokD-fGEhUasTK4jf5BPV4SZ-cqAl2sfg,Xiao uzi ta die,457,311,255,True,False,False,False
GRANDMASTER,fcpMk8ta5xwSZJYvWVooc51g5pJVTm1LILQhDLWfreg2Tq0,gei wo lan buff,608,598,486,False,False,True,False
GRANDMASTER,NDl8KlzWQjcIG-nW9W4IEXmqVzBkaEvhTP_NQqIdCVO48n8,zai wu yin xun,353,252,176,True,False,False,False
GRANDMASTER,DP6HxySjDljzDBl0n6-lmFVs3GpJiK5b2Jw-gba9wlZ9osI,xixibaby,494,281,188,False,False,False,False
GRANDMASTER,mFnEvi3nJbIyrM6K0d26KdQNupntNxtRJ3EaJPjsg2lP6jo,EbbTIDE,436,710,678,False,False,True,False
GRANDMASTER,jLGUuY6Kg-NvozRLRpdmw9gTlSbBVvIGwInViOE3XSmAUg,Happy Cats,354,171,132,False,False,False,False
GRANDMASTER,liEn-oLEI7OKqpmJDqtp6xKYCa5AgGqdT3MJIy7SowLBZYU,날마다 서 푼,596,404,376,False,False,True,True
GRANDMASTER,lxNrnM7E6zHaqCIiYI3OeNcGtxHXbvI2KQN2AQPYQpsGLOs,우리밍밍,403,500,450,False,False,True,True
GRANDMASTER,JVDxpXmd5W_Yoo82104qPJxLPPzgl3O3DEKBVJb49Z5AMIA,현실와꾸강동원,324,255,235,False,False,True,False
GRANDMASTER,K_BYIizKyR9BpjE4vfHucWYJKP9dS8HSFG5loDnkLlZ2BV5N,FPXzhaoFZ4506303,361,149,69,False,False,False,False
GRANDMASTER,5FiIdtH17nemrDIouAznsc7Yaddih7JWIqf8mfrEG3x8yT8,zhong men dui ju,623,650,599,False,False,True,False
GRANDMASTER,HocBlcGHotAVQFJxEXPl6kEGinwyvUBwRfl2kN1fB0vt63Q,이해석2,438,517,490,False,False,False,False
GRANDMASTER,uwVOgOET8OHRmr87ZxkyknIt2rwEo5ZbUQOMn9-XOHQ1Uds,S10FMVPH4cker,336,249,219,True,False,False,False
GRANDMASTER,VcUH8gbhvTXnVMv4qvrRw1f_WaVL1Z20Nr7S3MaXEfWlrok,EM 핑크돼지,505,373,375,False,False,False,False
GRANDMASTER,-zunG_Qkc_daTJeWVnb1kRChZ38-fkLLgfaCr3DUoRFG1eF3,wsnowman ,528,119,40,False,False,False,True
GRANDMASTER,gd5lHDF2ElwOPsypC2GxcWw8Y5cFSldm3izXnkkJuh6bRg,딜넣다죽는원딜,452,595,452,False,False,False,True
GRANDMASTER,Oh68Ao6zlcLFJzYQO2P84DHlgmgwX8mEZP1ZKPWnY9pLGgs,고조할아버지,303,247,201,True,False,False,False
GRANDMASTER,uzP2hfLJ4OfB-0ilKxP5dE8xyh1r059WpVGnDWom88X2JNY,특 급 혜 지,345,271,277,False,False,False,False
GRANDMASTER,TguB5677g6uW98JEWeX_J3BS2xSDeLDdXBQuS7QM9v9Iuvs,그 킹,383,230,192,False,False,False,False
GRANDMASTER,qbSvdGwtAoSHAasHx4taCseUr4ifQCE9kw1TUKRL-klRjv0,QyO,430,145,111,False,False,False,False
GRANDMASTER,nB5wnqVp_9_lTHXA5b8FnuNlqwkLorcyTPEBBds24FOyCg,신선한제주알로에,332,192,111,False,False,False,False
GRANDMASTER,LZr2OZnLDiiJwngvlwOE3oCzbce-eRrQ7Fbc7LKL7h8UHi0,Gen G Peyz,411,461,390,False,False,True,False
GRANDMASTER,QenNzqkTLYUt0f0hjldVh_y92-IwQMwx1mq_-rVftxpqSAM,마려운남자,402,702,677,False,False,False,False
GRANDMASTER,rYaI-LH7x4wxP28IfQs-Fwn_bUx2b7ACmWPYbRknwGK8dvg,일렉시드1,299,162,150,False,False,True,True
GRANDMASTER,IEytPP3Q5v-mhdc4q4i5BzFSMegKAPjuCR74OeJCmn8O-S0,woshifengchu,503,754,707,False,False,False,False
GRANDMASTER,yJV5zc2SEz-v3AsrPxdGP2sPpQCHvZArEtxUvD-9stbVxto,가루눈 OwO,508,235,194,False,False,False,True
GRANDMASTER,hSZ2CDQOxjqQxt6fcHq_bQ-N86oWFNgJm-fPAZUDKOOKQORg,도인비 빙의중,436,178,93,False,False,False,False
GRANDMASTER,tMcOyD6QNGQukjsWxQBPM_OAGnHu9mKitOcT8YIU549E3Q,Heimish kingmono,333,112,76,False,False,True,True
GRANDMASTER,dWZdpOEabAeCyFrcGeU_suqnq7_26uZwROrF5zVnn-wVZnI,너는 AI야,528,677,628,False,False,False,True
GRANDMASTER,XiAsr1xoyX2cpQdGIZg9vSxYaJYMO5Y8J92auK6XYvNlvqM,sgpzsp,485,550,529,False,False,False,False
GRANDMASTER,8mPUjA5f82ELerpJfsTxCOVdSSNGI9YW4SVx3-92FYo1DrA,채팅치면손목짤름,560,457,366,False,False,True,False
GRANDMASTER,Ekfz4dMdu7VjfTPttnQ70KraZ7haEepoKtqxd3ht0t1zzNQ,happy game 24,291,175,139,False,False,True,False
GRANDMASTER,gxjZxp-ceKdV8DtCwVjb993hyySSDeMSMZzjEgyNzS9WdA,요플래,307,362,341,True,False,False,False
GRANDMASTER,-Qe6g8h8TPWP-DlryRJ9AhpRAB5_qzlzVQEXODfpgyVEObY,liiiIlIIIlili,293,174,138,False,False,False,False
GRANDMASTER,-_klXp1yBCbKkdNvafYe4tCH3PEasJ8KkcKVQLRTT9Oucjc,ydurxrd,356,722,702,False,False,True,False
GRANDMASTER,ZtmIwmaHavefLwYdTaW1nVciaXwWRKaS93qssAYHipkQYT4,ad20,350,223,200,False,False,False,False
GRANDMASTER,oR2N286llqpSLvT3F9QxiVGfXLs4dXGU5hWEJx7o_djK31k,Pokeman666,600,163,110,False,False,True,False
GRANDMASTER,xnFrISSIF8J81rCN3qIuYjAYuSbEn8qN3F52DYCA2o9XoHw,MS77,360,629,604,False,False,True,False
GRANDMASTER,cXzwTlFmMVNyLCTjoUGvq5yZ0ihdHiXVzk_hYRGt3tXVIg,qhchqhchqhch,604,1016,993,False,False,False,True
GRANDMASTER,K4lcOgeB6f_MEb0NhtJyBq1T3APrI5Az4cBtc5fXaiZ7Eb4,kelinn,555,623,592,True,False,False,False
GRANDMASTER,alMIXcTyf42Dccpd3_GFbQtY6nkmJHztWx0A8MdC5MRnpKI,asdade,598,481,444,False,False,True,False
GRANDMASTER,ISZMnsXIhZ8QpJ_X-w_MFiPVK9gWtMdN61PpcEG23UDO0g,내고추를보았는가,467,713,674,True,False,False,True
GRANDMASTER,cM9yCJ8RDpVQLXngMLpo9fyb68JLOA90FZWeVaBx22NCqf0,zuo ri qing kong,462,625,563,True,False,False,False
GRANDMASTER,7XeQrRxUczIIXTmi0Q-IF1cjyYyyYnerdQyId5Titro5sPs,DRX Merit,362,583,557,False,False,False,False
GRANDMASTER,wtkk8wQFlJHFc4PRLBpyfULttOkn5JijDBm6dKGrm4OFVl4,홈런볼 다 내꺼,416,676,683,True,False,False,False
GRANDMASTER,knp9w77-CRp6qcqmrdLXMti8mvkKYLvgaczh4j2L_7B-He4,Gen G Ophelia,338,937,915,False,False,True,False
GRANDMASTER,YkTznzQP_plv14p9mrjA4bReSXZ7oDLK5GGDk6d82eiF0Q0Y,2020 roookie,500,92,66,False,False,False,False
GRANDMASTER,5CCKWrdZxXwqtKkO1rB06ApVJhfpg3rYA-WQRW5H9R3yNjw,can see you,303,740,661,True,False,False,False
GRANDMASTER,uDySeXF9cLARzYyQOmD-9doUU0HnIVw8XPx5cQjJjIy_-LA,EM Envy,399,315,286,True,False,False,False
GRANDMASTER,FSGf2jPrSA4X0IWdHLCWpy8NgmXCKQhki9cPzesQuVpfyw,SKT T1 서폿티모,357,252,219,False,False,False,False
GRANDMASTER,yuU59cHFc-NE4xSyPEEDOjvHd4JpANME_r4Gxc10l4GGIRQ,이시우표식즈려,417,307,277,False,False,False,False
GRANDMASTER,-L_fHCD_B5wkMgaKb6F5o6dyG8APwH5YYq2PpDCOonCn7G4,펭귄수호자 바드,365,234,153,False,False,False,False
GRANDMASTER,ZPcIfWL8Oxv8XuIg2DfZaYy0IJNzbJvHYHlADDJsm7RxMQ,tinychild,440,352,310,True,False,False,False
GRANDMASTER,h1uL0BMoQtKAP_79l1MpwQmpAUVbOSBwNtAVcgBX_eEYXwQ,srww,421,812,787,True,False,False,False
GRANDMASTER,8tfWcL4HOX84j7SxBU6ZM4SUoJYiO5oqEstSUhIhHjby57k,추 웠,485,288,244,True,False,False,False
GRANDMASTER,uxJgnzTJRQdDGGwDLCrrXZIezVg-3Y_16GyTnRtTgtOJ_us,daye lihai,537,691,661,True,False,False,False
GRANDMASTER,EOG4eOUUL80jHxNUyeh5cQBg4touByKNdrDUzk2kAUclLKs,zr쿤,363,363,341,False,False,False,False
GRANDMASTER,Nj0zZvuZmQ8fH6oF540jSUfnQ2oTeppuv37v7EIM1YD1W4c,저는바보예요,315,885,852,False,False,False,False
GRANDMASTER,0fh5m62I9PkaHZL8DHyEOcddyiOiwtAcjrURsW2Gpk6E3rZ2,응애세력1,400,148,119,False,False,False,False
GRANDMASTER,zDmSxm3S1VV6wCla8Mw3Or4IV-CrU8xLDboxEal-TMEaPYc,서폿 is DOGU,410,199,169,False,False,False,False
GRANDMASTER,gHAYErT_8h34arOUlrKCFVKcJIbWMYjR5b63PdwgK65LrRg,L1sure,329,254,231,False,False,True,True
GRANDMASTER,c1grdUHUDczdEsAxaRL2ucDJNJGmPvOHnG1vLOJV4MRDT-8,벙댕이,327,313,281,False,False,True,False
GRANDMASTER,ePCTm2DZjgNHAIH63u_9_7ZrrR96AO6WlmYsDEJjKdwsIjI,Aibbly,549,863,792,False,False,False,False
GRANDMASTER,HBodaMr1Xjo_-UxTC5SLcce_nlg7voOo6MRmTYdI9wym9II,사탄의목소리분신,328,848,823,False,False,True,True
GRANDMASTER,i42wR_s4swijZ-5L_Gdyb36xqCXy-2ZyIk2Ye2czNAD48Mw,너무 아쉬워요,598,603,558,True,False,False,False
GRANDMASTER,fsyduTN1mroybESrEbL3Y7urfkc3LJdarIVGgRg5UnHoApM,cqpo,342,984,965,True,False,False,False
GRANDMASTER,XexYEwfmiEvk1aT-v_ViVx8rY6n_pIdQptUPazpZSvAn2w,하이드,411,260,233,False,False,True,False
GRANDMASTER,ku-G0qPqwnr04UZh9bR6EtBqPF_Qv4QEqk547zIxU6R-XQ,섬집아기곰,311,107,69,False,False,False,False
GRANDMASTER,RDa7pVXaJbLCxM4Mo00vpyKE0SwkV8jCW-mYF_pSJMb0OKs,Chenniannian,290,1477,1478,False,False,True,True
GRANDMASTER,EPlI1hd3WHBaScpD_AHEBGAaOy_xm1wJqhLCjZXBntHor28,무감각 해 졌 다,431,545,513,False,False,False,False
GRANDMASTER,L6Wl4DMwFE53YEME51LkqZi_t7RZdXNpvmfKOagssb6yIog,졸며게임,569,671,644,False,False,True,False
GRANDMASTER,h5o0YUth3dxGsHI3qxx7pxopylp5-dwvKAHSI6siRmb-h1Y,은밀한뚱이의꼭지,537,151,107,False,False,False,False
GRANDMASTER,VsahF3vJkufyZXwHtp6fe0YaGF7XJks12kg9Cmq6V1TF5Mk,PESK,480,470,440,False,False,False,False
GRANDMASTER,dhvB0AO01MV9SUHePTtV2KzvPR1gGS5JSA2lYB18_8L1WgY,애기가루짱,409,251,227,True,False,False,False
GRANDMASTER,Kd-bvlLSqDZOSueeXyIBicWGHH-Nq_61BQ_Vp-4V9RQylfU,Ar259x,524,414,387,True,False,False,False
GRANDMASTER,zrh4Y1opSHFmOXQ7cUc1QnuFt4jNYu8EJ84bjEaizispEL8,Shadow Nia,370,330,288,False,False,False,False
GRANDMASTER,NEovWXebiP-h5LsOPCg6PAV5_8jLeARxNk4r8GBWpLRdt5E,원딜은무기력하다,293,194,166,False,False,True,True
GRANDMASTER,zFS6ij9vZNUMFTxbznKqsR3iYxhJsgsSnV6gHX1_8ExghQ,스누피2,498,399,391,True,False,False,False
GRANDMASTER,djIMY-0qi7Rj3sS-1ZbD-uqLU0fv7MK_WsS7ZlMPAzkW2e8,고구마먹다살찜,399,345,323,False,False,False,True
GRANDMASTER,4MCfzoZST0sVRdO8uPghlU3e7mA77wDbcr1dR1DIvkrgMhA,81818181,311,1073,1005,False,False,True,False
GRANDMASTER,gYH6kixjq4MZeSOKzyUYRWHt1wLzxbHood6Fkq0mUSwD2_A,강주연,311,319,301,False,False,False,False
GRANDMASTER,sPL5lYU9ngsfN2-30M_nUyS0BziD5RPOmMMvAgNTF4LsKBo,iuiuiuiul,357,460,414,False,False,True,False
GRANDMASTER,S0In0wpEGF2IflBSVELIQ38GZuktXpf4KVAGQiDlFfXIgKI,Korek1yo,299,335,306,False,False,True,False
GRANDMASTER,kAZ0_nNLZYaFKElXTRWyjrQ6AJbBEsgwUWIhEH0mgueZMhI,어사놀이,377,204,151,False,False,True,False
GRANDMASTER,vc2EzAtuHt0cCPcqHhxqxbB4CEpu0ykGQKbRRVWODhM8YKY,Babe Z,416,862,821,False,False,False,False
GRANDMASTER,kw2Vuxe3TNhXSg4Y2VP03OeeonDuFYjO0dd3OpXOVNhs00s,zxcsdqw,536,371,255,True,False,False,False
GRANDMASTER,h7Dsioq8X2ZTm1D30T4sir4AvtT9XpSjpYy2DTDzLZ1V_jg,DRX 홍창현,601,754,725,False,False,True,False
GRANDMASTER,mlcT2wlgfFu0g-iMn_vZfCmYP512a_abH1m76eFzBRHLVDk,Meow 0w0,449,180,144,True,False,False,True
GRANDMASTER,BfbOp_7HZcJR4vI0cYV6wwzvrUAbh-vISs10069Wnu2aN2s,별사탕이좋아요,331,305,269,True,False,False,False
GRANDMASTER,W5lunIO45CNhjDXWqmkw5T1mdpctrJOUNESyoFBmb2kgAmY,Gen G Wize,556,869,857,True,False,False,True
GRANDMASTER,VsyqcFOG3CYUXApGdEUzAEvYPD2m5UIcppEu9wXaa2nrTsI,크림몬,516,364,268,True,False,False,False
GRANDMASTER,MYMujfWh-YQdYw5H2T09Sgo69oFs_ROWXhjowoLNS0AUbzI,TudouIei,458,586,554,False,False,False,False
GRANDMASTER,7uS0C8XJxzROPQGWs_Z62APOSNV0OTQRwgA90zAjwWREmk4,저쩌라구요풉,312,283,264,False,False,False,False
GRANDMASTER,kUhmhtsLwdRxW8ras6kEkLaSzgxcEXIHp1CoQtOIqEKeqcw,Wish u happy,357,201,110,False,False,False,False
GRANDMASTER,bd4Oj-0yCMrJebu0pWTlcH2j6Z2otqzZ9VFX9UFtNZrGV2E,네버rland,442,598,562,True,False,False,False
GRANDMASTER,DMks__obUjC-QhG-WXezI6qQd0OBorse6_oslrYgTbTwvig,알파몽,423,268,231,True,False,False,False
GRANDMASTER,HK7imfwjTaAeVOyWQX3UzNMKOMM1wswgQS3f9MwzV_E7hSE,last 1ast 1ast,635,184,145,False,False,False,True
GRANDMASTER,SxnvY-D-9rZecRtKhE7-WkB3QBqc1XsMXY-AHZWIH7lN540,담원게이밍 FIame,296,972,965,False,False,True,False
GRANDMASTER,R28SHSA7FMghzDTosY4XM8MptZMmq7AUJSSFRUAGOEhIlyE,홍콩반점 매니아,372,115,76,False,False,False,False
GRANDMASTER,MFMuQP_-TzRVMQXSObC0Cg8IUVGMGX47tDXeU4-HCgd8ck4,내가 닿을수있게,415,122,87,False,False,False,False
GRANDMASTER,3HqB6JujYvanlofQP02mY1ch47knIzd831_RIV4Q-hZ9EQ,어니우기싱꿍꼬또,646,263,229,False,False,True,False
GRANDMASTER,hB-154QLF197wydkDlNVDbgpCVwIA_NI2gaJdPc5EPr0lXE,Give me Hope,322,514,480,False,False,True,False
GRANDMASTER,ED9-BjPLctnswlKHi_2AnoLb2rtmuBnF2CNqQj9E1DpVE6Q,qer qer,335,464,358,False,False,True,True
GRANDMASTER,2jDXy1IF6mXWDHLS5LMMSv6G2W1ggHm5dI1JcOTbgkzt_CI,에이핑크,305,256,231,False,False,False,False
GRANDMASTER,QzXbNt14L92B27Wo_xGsK055JkAgF2B_oEHmsfhUFwK-ewQ,이탈리야 전문점,623,251,185,True,False,False,False
GRANDMASTER,etxJUnd-mzCK-vg9CYk9v7JqKqcB7O2TxM9BCnwnqZDUYg,박투신,403,260,232,False,False,False,False
GRANDMASTER,KJuH4_i3DWuB9mEC6Xi7AarKGu7kouXOezHqenGfouafDy4,파 처 니,387,510,487,True,False,False,False
GRANDMASTER,AuGZrj9HlF4bLkbzvsYMQ_1XX4nBSjLGQlc5-dJcQCDe-q4,DFM GAENG,555,347,327,False,False,False,True
GRANDMASTER,ZCdvitUoVr8vtUSR_EeQ8pz-YuWkiuDyaPUKKDqLSBqpuRc,만족금지,592,202,169,False,False,False,False
GRANDMASTER,SRcG5KkERHkUbzYIpBmLARppNpSIfWBYZZHCGvJZpe_Fy9I,성균관대 류동연,373,397,360,False,False,True,False
GRANDMASTER,ialZGo_yApN-fPAmVQmypujuNcJPYPp23j8-0KZdCtPZiME,LegendUndertaker,507,256,232,True,False,False,False
GRANDMASTER,144TyjYFyARmcmsM_v-p20lFgC7XWx1dCv1QDfGPyPK004g,TKS Marin,376,232,207,False,False,False,False
GRANDMASTER,kNDSVOaz8Cq5aZxu6tWITeHG9oz2BE5sf31zSeAEyO4CYEQ,07050917,503,241,198,False,False,False,False
GRANDMASTER,e0JbO1i_V1eqDZ114p2kOS4pR7ibQhso1e9-4MFviq9gOMQ,Find Team AD,360,485,473,False,False,True,False
GRANDMASTER,kf9k6bu-kerpmtP4mZKDFQLmzAAHasH0w0iO_Gd4b4KVMQ,나랑랑이,308,205,180,False,False,False,False
GRANDMASTER,yDBoPaq-0AK2OHxxhZecqUEUo8PqP2TJs-cr214t_Z7d1eA,zyb,464,161,77,False,False,False,False
GRANDMASTER,uQ8v4fjLZyR4CvoewQC5D6qiRqbsbcauhOqZXJa_0BwNjxQ,자격이 없습니다,609,674,580,False,False,False,False
GRANDMASTER,FWcHSPH3Hx9he-vpInH4qxszPIRoqn-We1tY5YP1wW3FcT4,shui di si chuan,615,315,278,True,False,False,False
GRANDMASTER,mJ17m823tGNMl4v8Avl5_Y5IIfsw4dDtIEQS7To7wJP7v1o,ROAD to GoVap,513,565,522,False,False,True,False
GRANDMASTER,8cDuDwoQ3t4ExMBHZDPOG2YHf_N1OpfFmi2MY2och6EoxA,쵸붕스1,536,149,135,False,False,False,False
GRANDMASTER,OR0JQZdeHFQHYiT3_eK222veqET93b_hvZ4j4rBrSjVslis,pzz 1,463,472,432,False,False,True,False
GRANDMASTER,b8owppjbQNU7v2SIgoQSZXTvuGJanG4KMhhi6TMHFTxl4y8,yezouhua,514,265,226,False,False,False,False
GRANDMASTER,rvQS0eP2IN6xEZ9XIQy7p9LmWR7uzPBALEA2Nn26FG0CRIE,모기퇴치,632,187,135,False,False,False,False
GRANDMASTER,3g5-vcMy7O0NJCGa5Dxl1WMabQB08WXnfNjoYl5vmeQkxj8,Mitake Ran OuO,446,239,206,True,False,False,False
GRANDMASTER,PjlH-o_tPm421NdzVXZWhZJhSmNT0v5Ncb-iyOvKg8i2ZTc,SANDBOX Howling,656,372,333,False,False,True,False
GRANDMASTER,aQNJ0-PtyXb27Mx-4ZcbJ21U4kxhT-nOqiMu0yi5ba_Scv0,Bj무루무루,376,286,253,False,False,False,False
GRANDMASTER,C_dCn8QX5bEAGEvzsIvZ8fXjLoN6cIAyKCYbtspojaCveYg,nice puppy,586,329,293,False,False,True,True
GRANDMASTER,8tmjL5HKZvQDHjmW1XBDqzT2Rt7285J-VeVALCqU8VOLxt0,ge ju tai xiao,446,321,268,False,False,False,False
GRANDMASTER,4FiTU-A19zIajWSeUflpOWCJq9DiujCsTlaq9mK1YUQoEUU,풍월량머독침착맨,502,140,104,False,False,False,True
GRANDMASTER,DBPhbmjOZJN2IzvMXb-YYfAlw6ByfVo0Xg0gc_Blp4hWka0,영리한 소년1,449,529,450,False,False,False,False
GRANDMASTER,qtZ7h-iFMv03YqvHws727dt9Ka-thaGAhj9FxspQT868Gg,네 코,324,383,359,True,False,False,False
GRANDMASTER,e_K9S58MzuTLlOKkbMDXtKhnAG1N2BgeOqpVlV9ghm6uisM,99River,580,220,187,False,False,True,False
GRANDMASTER,h0g9Kdbk0V0P-jUIT8gEuQjaLjdQK6mmOlbXWhdSdN5_JOg,미드프로지망인,570,193,155,False,False,False,False
GRANDMASTER,2RLLvagjyfSyJGhTTKoFGc6fiGxafsVICWYhgi22ky28iXc,da la bengba,547,225,188,True,False,False,False
GRANDMASTER,d37iDh42LgT2rWOiOc7XpwdxM6ZIoXYDcP4Yv34vTn0SXjU,shuixingji,511,493,424,True,False,False,False
GRANDMASTER,w725WMmpsir4uocYamzKiur0i8rzNAR1O0TsTN3Nr5Au_h4,PREE,380,231,201,False,False,True,False
GRANDMASTER,CXnwSvxBv6gqDQIcnLhCXKLZWS6rWzeejPbv-XwFu5uZriw,TnToT,304,627,607,False,False,True,False
GRANDMASTER,Vwq7tSqg8XycZ7Nm8KcLKFwMdhYrLYRWz_bkjaPXElbzGQ,K tune,439,337,300,False,False,False,False
GRANDMASTER,x_kv4Q5aJAyoTx5aaM4uqlfGHFIQR5Ha_aQ4GNMbMzeChv8,내 플레이에 집중,324,377,355,False,False,True,True
GRANDMASTER,iIByo1p6tTOHjh-31hEVCoNTvIxZXwtF9dYV7CqUHX9ylak, SEKAI ICHI,518,645,595,True,False,False,False
GRANDMASTER,sbGIlzs5aOnTpDqglTO8Hk8MWbaC3CaJfQQhMYQUy7zVV_o,룰보러니,459,651,689,False,False,False,False
GRANDMASTER,P2S036sOTxwfse7zUaXQ31jdOfDNCcSYMJmFkz54WRToNe8,KunBBang,310,313,224,False,False,True,True
GRANDMASTER,CRn0GVTG-N06qJkt9QcQi61v4ADpHGTCiW5HyxhXXF7eDa4,나는 고기다,368,211,193,False,False,False,False
GRANDMASTER,ObpFRWMv7QyU1mtk0tFedTXFrHfPNxdqg5fnPyeBCgBgVgE,changjunsi8ci,283,618,536,False,False,True,False
GRANDMASTER,ZyjrNgW45Jj1EjK85RjtPeYcl4qwAo3DBB7IIJdQtwpk7NY,boom1boom,636,211,155,False,False,False,False
GRANDMASTER,bNcegGyAkL_LrDBsv8rdwzhyPhcjl4oVI4LOvmu6tmIYxQA,뒤질게,637,624,602,False,False,True,True
GRANDMASTER,iBetjKqGOZuGLCtI3D9ycg_Gva79i7spqKL9ItOgJ14iM1k,과감하게 주다,350,425,400,False,False,True,False
GRANDMASTER,Jd5BdAnskuTojgQ0yFKd8camNoFnbIxACL_ldlcSzkrW81A,srysrysrysrysrys,482,492,454,True,False,False,False
GRANDMASTER,BiHVgq6_k-yN8wQwb33Wd1RgWTxwXI07SRzcRKum_Dv7l9g,xin dong yao ni,453,424,393,False,False,False,False
GRANDMASTER,ktCMKWK34X-VbHiAfyPSPakGqH8b7FZdZr9vnwScvG_iTJU,시로로로로로로로,508,119,85,False,False,False,False
GRANDMASTER,971gK3hwBUJsqJN_t40Q4eYeiB4P5qBRVFui_Nt3_OjqcQ,Lactea Rx,395,227,195,False,False,False,False
GRANDMASTER,7W3XBTaGQISdNt7nA-fLbEiIWDw2sRgCn9UV0VX5ZOnE-hM,small papa,311,316,288,False,False,True,False
GRANDMASTER,MfNimZXfykCuJcU5JMch3oGlg4bjZC6AOVvEtHuVTFG5h-Y,Kim Sang Hoon,375,214,211,True,False,False,False
GRANDMASTER,AeOCiDr8ew6hT6frIDb7kKP0ihFNcMrPce2C6-iuYUqByNw,이강표 종칠거야,317,666,630,False,False,True,False
GRANDMASTER,GGB9GEkQpxsER1P75Q5gs8j1Cv4GivoE5QaccPlpOb2GXPM,BRB Tang,392,676,623,False,False,False,False
GRANDMASTER,ArMKmSgfZGhvCssOsefP7Wfhs-C2VkEUk_qB_CDi6Dcw6NI,evil evol,540,424,379,False,False,False,False
GRANDMASTER,I-Hzh0Wcpq6cFMQoYfB07UKLyliCpYyrKbWWUpVicSMYuoo,Upgrade 할거야,373,197,169,True,False,False,False
GRANDMASTER,LOLaehUxboyVek1zbcFWv0Fspnm3EYNtUhpj9RXzPVTMb-w,냐옹이는냥냥냥,324,362,341,False,False,False,True
GRANDMASTER,1Z5dqaa4xL-IsqHte99WTGz607vgVZ8YB2DKa4rgjq3_7cc,손민형씨올라프,409,114,93,True,False,False,False
GRANDMASTER,dQHYWHU-sKBeLc53GpXL2t4Lph-1RKXmpfgFRzO8ZgLYzRY,GnaBB,403,385,322,True,False,False,False
GRANDMASTER,E4VoBk0CIeOTsFuUtMFHF4ajIR-y63Mrk9tuPJVH5pVzxfU, Flower monkey,279,345,243,False,False,False,False
GRANDMASTER,8QYlbiZfkKTzO92d3N2wbr_oKvhYwCHgtD0IZziq9aNS11s9,용현중 최우제,294,188,161,False,False,False,False
GRANDMASTER,iijBvku9VHI8GOEWJQkSXDGBd17EJ8ohbQmSZaB99NF2vbs,경솔하지 마라,317,561,545,True,False,False,False
GRANDMASTER,Kuk2BySnjY1pVKPDVyfdogjVbkP9gOUOh6hOyHVOw4wZgf0,비타민을챙겨먹자,319,642,635,True,False,False,False
GRANDMASTER,2pEXv5_MXTy1_X_g6ssNawBybN-5Q9vWLPUNUJEMWfKURKw,sinabro1,299,155,131,False,False,True,False
GRANDMASTER,cKAA-cY-CxSQyIlvQah16VCkk1dZkOP2KeFk-GVP_uhl91M,Augenstern,292,698,620,False,False,True,False
GRANDMASTER,cBKZGauZ8-_TL4jbtvqWZipy1sqqXoEJy5SxI94_wX2GEAQ,lanyinca0,352,649,616,False,False,True,False
GRANDMASTER,WIdS9Rg3iSWtYGfcMYUVFxF7LS5bC0bZg6CXQ7L9uSLLRHM,T1 Cake,396,426,390,False,False,False,False
GRANDMASTER,jVsxzaqmyGT0K_p5XM_9kyDRiJFCYWDN0aaD8zFG636npQ,JongSeop Eun,468,243,206,False,False,True,False
GRANDMASTER,4KoBVip8wSUxC7CjpsZgvTRjA6Hy5xcoGtRpoMf0GGFRUjY,Wanna go LPL,305,662,648,False,False,False,False
GRANDMASTER,RYJXClhSp7HdmAJDKxvVaENutY6vip19gDi7AvP8z_ii6RU,dangyadangyadang,401,395,309,False,False,False,False
GRANDMASTER,nVCKVgOEODE5aXJSgZVt1ZmMf_BlNSrLJOSBBGDJsh4cWPw,핏빛 계약,535,246,213,False,False,False,False
GRANDMASTER,CXjHEcuQ2SytyGJaGaHiTahVCHDfQnTTBOYrrTXu-Tf7F24,cong dian bao,583,468,490,False,False,True,True
GRANDMASTER,5rG4-R-Vk69uX3rQEODvAZDAvbOv57EHp_kxCjY0ZLrJBcM,One last hope,432,203,144,False,False,False,False
GRANDMASTER,Z3x1-KoReqdrQNjDKSleVCNo9mCRqJVFXm6TmWprwc26p-M,sayho erzi1,509,245,201,False,False,False,False
GRANDMASTER,ah94G5u4mUoT0NAA0CNHfB_wytYqYXKyqOJlW0ndllV_cVE,01087135748,353,309,270,False,False,True,False
GRANDMASTER,PZa5VFJMU1HviC50bwfg_wrVr8EFxlLTLmvhS0cwSIFxhQ,T1 SailorMoon,390,326,260,False,False,False,False
GRANDMASTER,YWXutUfzWcwlu3WhJPJU6_xDrwqNS17k7sEqblrUpmO-RnE,persistently ,385,410,373,False,False,False,False
GRANDMASTER,UOrn9zTfPufUPM6oRumsoWE9nuAqMZBjwmflKPXlwatrSJ0,Lehends defensi,534,270,165,False,False,False,False
GRANDMASTER,3iyby34OjYoHE3QjKob_-tmwyG7BefeMt8mjlzQFLIjkBAU,EawqaaAOVO,537,508,475,False,False,False,False
GRANDMASTER,3QuUcpKLDGF9jWjsFSYE0ahqdqHixcS-EsKp1MtmtjuYW1U,Pz ZZang,603,174,143,False,False,False,False
GRANDMASTER,KZrggxpSGWE3etZ_dtq9GRqBRFs7ZpxTHHlZ2vDXAwVY_wc,wfs,323,120,106,False,False,False,False
GRANDMASTER,kul_xK3MYU3KxYb-3-8NeH-9PjdpC5FnDHtFhWVyR3TE9e4,DoRun,372,390,369,False,False,True,True
GRANDMASTER,JxGp7mHu0lLUcuylRVPYhfYnEaI8FRvrrHrIT4uLsQUXOLA,탑 Solo,414,320,278,False,False,False,False
GRANDMASTER,N-9WC8Kn1beyfqokNf-35hQt-UieSgzAoiDes0kLuiVLag,롤잘해서어따쓰냐,321,132,90,False,False,False,False
GRANDMASTER,yj2jJ7C5YS-CGpTLuqOUswJ09Om7IPLJv3b-qyI9jb-sWN0,chiweijingzhi,515,327,229,False,False,False,False
GRANDMASTER,cTgkDA6SQMucCCFCApa9Sj-Kbe7Ymy9XizxOxmwSSg8Fm7A,Wecanwin70,445,814,795,True,False,False,False
GRANDMASTER,rznKXjj4zVDQtClCrfyNVYcQbQKx_Ft7RmOwAf8vfJzuzD8,Bu sheng xiu,400,227,179,False,False,False,False
GRANDMASTER,0jqtZUy153KUtAdnux6iZcRsCa4MtFVscN_jUKF03kaeX6g,옘 뱅,585,111,71,False,False,False,False
GRANDMASTER,f60nBhsHNDP9nldze_ckARqttxcmVS6W-Z18SvwR82Ai5Nc,Gen G Dice,477,1047,1013,True,False,False,False
GRANDMASTER,Xly1tpTTJRjT3Cf_-M8ISS_VrxYbwfjS8-AdzKjMk5pwaCM,BOKGU,626,290,245,True,False,False,False
GRANDMASTER,MSiyJ-1FsO6imXduxwEmq9cdd3KulRjmm5vAcv8Luw5zFY8,wjsybnlh,523,429,392,False,False,False,False
GRANDMASTER,E1L1uqrPFoiogvqO3NXgf7Op8JSEHQjoTvAm3_FO-Ky7c1A,빡 표,578,472,448,True,False,False,False
GRANDMASTER,0C-6pBUYEmd6jfjTQcsIlmgvoYkY77DDb0lmms5uF6FcyXo,UyQyO,312,841,821,False,False,True,False
GRANDMASTER,dOw1pD-MVsCUMTsb35X7ARTDtvWNLsMbX2piAbYz18LLTw,shkamoshka,579,672,613,False,False,True,False
GRANDMASTER,VsaJheEBk2oQeNJl9nDiNkVo_9Q33rNopwsXMTJcAazjEQo,1v5king,329,301,244,False,False,True,False
GRANDMASTER,9DsNbsff9kGvPD27sFGpWuNaQukUquurVclG9C7Dt399Y2E,충주 경수,405,363,317,False,False,True,False
GRANDMASTER,x23QwKWxOzimkcgJ3IwDWqonIIVdFT9R14rPE0TylEs6KVY,Aorlf,530,724,686,False,False,False,False
GRANDMASTER,_IGBfrX0-UJGhA6Gpo8Oxy0uAymr8TpcFWLCw52FSyZDGKU,xuxubaobao3,482,191,148,False,False,True,False
GRANDMASTER,X47ueGy5n59nj4tWRgskhEtWeQsWBiUYwmS0zmL7MsFV7Hk,zhen de lan ,561,455,387,False,False,True,False
GRANDMASTER,DFI5jh2lfdx2zOCPf5Iok6c4FKA7Qbw6BKdmhm9g9t_QWoM,물다이아123,291,146,121,False,False,True,False
GRANDMASTER,SrI7Gj0-aPanH89d8gtIffpToRajIGcC4OGdFDVJ8epL24k,sup1231,540,321,286,False,False,True,False
GRANDMASTER,KGnhl6MXXmxObQUQSfJIkrL3PojtIs7WZwYNR8Ad9EyY5_8,gelaoguan,537,549,511,False,False,True,False
GRANDMASTER,PhkLXHls13-NPBdU4uJjdhMBuTiqfAGs_-_2V_3hcuu7o38,갱붕이,381,332,285,False,False,False,False
GRANDMASTER,AW-impD2BIAJx-mBPYP8lbOFWHKR2pDWhuIFIsFIKCF45gI,이리스,346,262,211,False,False,False,False
GRANDMASTER,4UdYpmBsnXth_-BT3R1pmSCtnkW-EtcCdwSCheY3MbaeQ6c,울부짖는보노보노,624,783,744,True,False,False,False
GRANDMASTER,RUFH8Dy8aFZoLAxJhCHatp5ROgeAkmk80JuFQm31uVLk7jo,Achilles Cosmos,409,684,645,False,False,True,False
GRANDMASTER,0CmcaAhjG9dj7yPbil-j-huwpLUL0zxs0kzlVRq0bQ4nFoc,m1kasa,395,304,247,False,False,False,False
GRANDMASTER,wl5pjUuCUCMhk-GEeDT26J_SjPEi5zcnNLH6ZQE4wDRS32M,StarSpring2,320,468,449,False,False,True,False
GRANDMASTER,U77UZ_vnldJ4pHvSiJb-M5KEd01TbF6h0gL6Krw5Dbps_fo,군빵맨,614,568,531,False,False,True,False
GRANDMASTER,EEJ7CFP8CsjP4Z7jhsOTqn5pqjdy_RGWlN8txiHcTvAlK0c,hunmid,378,584,560,False,False,False,True
GRANDMASTER,845nw0XvStl6Hc2oTNUsPP15nGcY5njK3P9gTEx6UkOmA5U,이것으로마칩니다,275,346,329,False,False,True,False
GRANDMASTER,yPlsNfUn0QP1ntTO2wzNe-YdUcq08Iq2X2dVSMJxiC_M2oc,blissYYB,442,824,731,True,False,False,True
GRANDMASTER,0sRw-ahC7EGAM8FXlVXimN8cEM40oITCzi_OrsEK8mNNpQ,내큐를바드삼,368,137,106,True,False,False,False
GRANDMASTER,-NdhcrziEl6W-pYphmss8CDylIKvxLFwmk4wiq8Bv7XhCq0,NUNST,369,168,88,False,False,False,False
GRANDMASTER,y0APfHgchJR72Kl4eUAJEcjnZWwlM77YrI7Lbg2bXSp65AY,gbzj,340,885,917,False,False,False,False
GRANDMASTER,G3cGKR-yGyllMDqwtSo8zdiO_qtuPfliVa6EwnIQpOJuzb4,Goldguns,380,383,363,False,False,True,True
GRANDMASTER,KEPwGlKCdtw8gAu3RLslp6LlpB8GCtiOAqdNm-35H7Pt1uk,zhuimengchizixin,321,416,399,False,False,True,False
GRANDMASTER,cY5iXgkscQ14PcJnFARj3FRrWTEVHFMCLUt0acts_wP4BbQ,HLE Vsta,536,137,108,False,False,False,True
GRANDMASTER,0AsWVheb9kQasdL4FldfeN3eZ-HlyFG_NX5yvGojlp4xKQ,기도메타올라프,304,262,239,False,False,True,True
GRANDMASTER,rkYSMN6jla7tB1fbk7jnH4X88MPVOPKTpLdkWzB42M8HFvA,ZOEKlNG,535,101,66,False,False,False,False
GRANDMASTER,Q9q5f-w3XSykSjS22O32b8LjzkRSlnxRIfl15fJTsZJu7ro,망나니탑황족정글,362,182,147,False,False,False,False
GRANDMASTER,hZFW5fDi5FJLKoxE1mHBywz7-3l9hmW2cwpyhMrgwvPmClA,스컬지,333,433,380,False,False,True,False
GRANDMASTER,GgL8gQrC8S45LWRuI8EoS0iI7VeKuZcwaRgaRfwxbg2N_jw,bupingfan,350,338,299,False,False,False,False
GRANDMASTER,bwbHEWvi2lN62gvuW51O3Wfd12h0B_LnrP01TnqYgIE0d6Y,Grovyle,309,574,515,False,False,True,True
GRANDMASTER,lgZV1xjsOc8VCa1xLxz0fI1CRRVddqViPa4nMZgGey1V0Cs,크캣99,299,548,454,False,False,True,False
GRANDMASTER,lo7ZVnIVD3bHMt5uWhFq95xSFnyQt4r8EJQ7-iQ0lockxzo,캡 틴 조 아,304,406,374,False,False,False,False
GRANDMASTER,XOV3DkxvMHh05H1t3vbvFQRp1-wgxAbTI6OwN01mN1yr9PQ,Best Wei ,524,363,264,True,False,False,True
GRANDMASTER,7HuxHPFOlJPOWarcIltod_C2r4Hq-AHb7HDmfyJya9Fk_SWC,salad chan F,606,193,102,False,False,False,True
GRANDMASTER,zGR2ndEQU0i0gCmmL9Q9dC4w7D1hedI04KhYygCPU9JsPY0,액쇼니,400,530,513,False,False,True,True
GRANDMASTER,Zx8djUzlMP7xUQzhaCfRKF-quJ24q5KmQ1BnJECGNdBwxA,BRB Ming9,307,503,516,False,False,False,False
GRANDMASTER,T_mI_Sfj5Z7rUjmFbaFHrC_F2jYIc8W1uXrctg4l4Hhjn2Q,yyyyxxxxzzzz,606,752,706,False,False,True,False
GRANDMASTER,-5vX-bLDXk3E1E7FWPvpbO3HiFsvhuEJ2AdwHZ3GCFa2NMU,fkyyyyy,326,955,940,False,False,True,False
GRANDMASTER,9mERwXMmtWepCBH_84IjmbogsztYpoVF846JDDRl6T2jPhOf,NVM IDC,397,171,93,False,False,False,False
GRANDMASTER,VxzKb9wsJByT085tr90wacvO_ZBY-6E4TLRrwyfnToSuLws,Gen G yuzin,309,630,614,True,False,False,True
GRANDMASTER,wNEa-OmjpIJ7RU96lS_mcxwvHeExOZyiHbKyBqZdXEISuF4,초보들의 왕,474,561,473,True,False,False,False
GRANDMASTER,F7MMy76QdXQXczCFVG0kLMqjSuIoZqlYQd_gd4Xftsn2EJc,xiaozhupeiqi,411,640,611,False,False,True,False
GRANDMASTER,d6hK3csHnXB3t7dNw4Jydxu9vKia991p4gmmNmNUmsH0oNs,aabbcc123,582,250,211,False,False,False,False
GRANDMASTER,MRNz9L4nJ1g4BAA2TMNv8kZIZsJv17u7KEFISqsCI-R8vGs,fat sheep,393,798,677,False,False,False,False
GRANDMASTER,KHcS3dPK8Le9uj1p94KClw7r6OWSiuRvCPXtS5_JabZ1ZlI,우싹씨,533,229,185,False,False,True,False
GRANDMASTER,WivJcFqORcQz2vY_cvHrThzD47_X0tl4qzMxQF-DrbV0nuk,정글차이노인정,334,183,151,False,False,True,False
GRANDMASTER,YQg2o94Or8_SRjEzNnz4R73UPjI0SV_v7W9yu9g0_9ou1yI,kexikexi,542,235,191,True,False,False,False
GRANDMASTER,3LJKkn0ecbBu1KewwXz3hDjUSB3ZoLLK6wv4W9JPLCg9shc,MAKJANG,468,117,82,False,False,False,True
GRANDMASTER,U4EBzf3tDPv-iRbaIh8_MJ_OpRcrx2j2GoYh5mtlXXJrYSQ,liuyanyi,314,643,621,False,False,True,False
GRANDMASTER,SeK9eJshdYHWWpo--1q4vPYIjdg7xt_Ns6QCXE6X1ZlEmlAi,Xs Ju Mp,291,184,120,False,False,False,False
GRANDMASTER,fhvV-EUBhZCvM-pi1rU_shWi-v1xrRkHbb4yLZYJjVxLUA,쿠붕이,543,332,323,False,False,False,False
GRANDMASTER,81PiHbFpYtsKiKV9DBOAqZOmJY03_lK1BhN4g7mC-Hxwp54,Yunohana,380,245,223,True,False,False,False
GRANDMASTER,-52lAN4d6nMtQdSagmuOdVPnyUlBueUD2HS-hOu84qaHso0,큰 대 빛 광,517,389,281,False,False,True,False
GRANDMASTER,K2dTzjnmJqGoPIY4lRRGF-QFNpoB6e5tUcdArgb17K-Qevc,Iove doinb,400,635,602,True,False,False,False
GRANDMASTER,3WMDZjaDgOcSq9qfBazCKHbidaUU_cobrsnr4ozEXjQJJes,BIank Space,553,473,452,False,False,True,False
GRANDMASTER,2cTodeXZwAJngCkQEwCFTA80UwhWudPX19H8MJusC6IPP4Y,tiancaipaidaxing,312,581,561,False,False,True,False
GRANDMASTER,618XTTvudibBy_XfzUcPlp488xmRLRZbr-gd-dEjpH72Xuc,heeseong,303,83,51,False,False,True,True
GRANDMASTER,zstMG3-Csbh4kCn1a-Fc4C_eAMcbeKW1xdVq06gllAX-BzY,피콜로이zz,575,338,249,False,False,True,False
GRANDMASTER,5aC4BGigKaMRhjkz6ZaZZvFf3FC9md-cKsRyN7Ry-AiSWA,전설의용사김한샘,465,609,584,False,False,False,False
GRANDMASTER,LpWevrQzcZl8fti6zss8dDXnGalc1Qd13oqr5LQ65nqdQLw,saaclzx,485,532,509,False,False,True,False
GRANDMASTER,w5PW2DMwf1CK1U3x3-AmmI0-XSzHqEaUnawPXk7TyspuOcg,Azhi OuO,407,485,434,True,False,False,False
GRANDMASTER,1UQM0pCZqWWjSWe5U74rKXubt76HPFGKtqUfkTJ95lhpwxE,fasjklfasjksad,403,231,184,False,False,True,False
GRANDMASTER,kKcIFaljzpx19gOsQkhawIu5ZS32ukUadvXSblCtC47xM5Y,손연우 남자친구,454,385,361,False,False,False,False
GRANDMASTER,-z31il8qW4pGTQTyOGcPqurbcajXvAVZPw5WNd2B7q-6yv4,aimi ailun,416,129,101,False,False,False,False
GRANDMASTER,mpE7XYAP05IA4fDZgah3StIlPLXEAi5tPMXiE_mViurTEzo,Fotune,512,430,389,False,False,False,False
GRANDMASTER,GhVoPSp7G8ELhxqwWpowmqqLxQqwsoRkxBcRqKWRLQSI82w,Mercieun,357,236,189,False,False,True,False
GRANDMASTER,dMbcMszpMEmd1cDXv8jRdWP3pI-mN_Br6GPbLMibrUwG1SM,Easy 1ife,435,523,507,False,False,False,True
GRANDMASTER,J9Ybl7_31K-G9dpzMLyDCqIOGmNw5kS1qIzRfrf6scDD8lE,식혜성애자,357,460,440,False,False,False,False
GRANDMASTER,w38ajwQY5wAb3jNVPrb4ldy4vZO59ekwi-F3m6loIKuP7l8,오류동 갈꺼야,313,404,396,True,False,False,False
GRANDMASTER,tDodhtyWhIAK-HgqqRPlsU4Xt3RIZ7qto6cR4qvq1lF--w,킬러톱,371,561,528,False,False,False,False
GRANDMASTER,Os2QYHpWyMBfnN089OCtEdAT3_XEx5dcvPprrViPA-4XDoU,그녀의 애완견 ,452,229,96,False,False,False,True
GRANDMASTER,cXjajx4zhQRscRMH4x0Mz42BS5y5gRuLvAeQp1OGWydS0S8,chixiaoyubaby,568,377,280,False,False,False,False
GRANDMASTER,3Q3Wh6K3dEhXICuwMmKaIOtmjtX__7qeo2gF07ocIui8S0o,Un0wn,302,348,329,False,False,False,True
GRANDMASTER,IZWWuALfeu4qEMd4xiU0pi-sikRcSRkG8uu1iwgVdd631KA,EGOkr18,309,781,751,False,False,False,False
GRANDMASTER,cxkzPJWVl_1QE6nPF2n4aY510hHA32JFuavAUpym8znjDy8,텐텐이,444,364,373,True,False,False,False
GRANDMASTER,dNilo0SxDLa_rlssVrVr5vk5JByBvJ85LU-7hpbqBxJaZeI,작은벌세마리,310,510,503,False,False,True,True
GRANDMASTER,U-weqHJcxSjZW_r9HAUeJbuNpP1ERdoVs7iR0zNuwsxxxg,게르세르끼,520,216,167,True,False,False,True
GRANDMASTER,YejXC95Lbcg4ObKgIFOrdc6KJf2XDBMyrsGRUw6XXGT4ULQ,SeongHw4n,301,145,127,False,False,True,False
GRANDMASTER,IH4LwXs7W_5fWm4aLaQfDRNusph9tImVBC-_Dk1YtT9ANno,Calm down win,515,306,276,False,False,False,False
GRANDMASTER,JOqcQVwLhsYWPi0lw7s_kqVlOnj46Rk85T4RrIMXfJxqC68,절믿으세요,282,477,458,False,False,False,False
GRANDMASTER,yBk4Kfa-KdNRfjlgd7UcQWX1vTW2L_ycsOTyHZjVf-dPJPk,섹지v,299,391,366,False,False,True,False
GRANDMASTER,C05b5zNu6S3tyryczhDUVWMwDtQHeP2NUnFnaHK514TNmQ,냐하준,345,462,405,False,False,True,False
GRANDMASTER,5FUfrqYxtREdPG0pVqFTYJXXovVS06amOSapEYSuS-k3Vu0,dkwslg,300,195,153,False,False,False,False
GRANDMASTER,gSqmCDbqOfc2N736U9z8UxaAKKBLYHfMLfSSbj-YlupamLM,Sry Sup Gap ToT,442,496,463,True,False,False,False
GRANDMASTER,7hngrnZQTYTVlFW5sYrJZhzbHuPopkVlcGbwCIi78lzcZtI,Poursu,407,317,287,False,False,False,False
GRANDMASTER,pHGFEVN-7jXs0VoUqOLq_grs7EpakWrajrSgEkve_U_iTdc,숨바꼭질,464,577,532,False,False,False,False
GRANDMASTER,sujQERe3gJ_WzXAtRSuXklOUlT0hH9eomCfnkysS7-9Bzdw,         anshenz,612,348,245,False,False,False,False
GRANDMASTER,TUlyxQHgjOTuclELLAGXzOF-zsQdeObyMzCh6x9xwjhC_kU,밍 9,380,342,326,False,False,False,False
GRANDMASTER,6XoXq9YRBMfbJl4cn5hQQk0HKsFa6kandgKWMKxxfdLuQtI,돌카사,343,413,391,True,False,False,False
GRANDMASTER,KwZJR4cQAcVJ1nqCPkDwM1LtKXL3-P2flVFU-_y3rdF3rQ,둠 심,315,273,237,True,False,False,True
GRANDMASTER,it3oMz9BAL7opBxcCrX4_eBeaAut3gn5sOJLWcQfYnKa7Mc,dabudongle,473,538,451,False,False,True,False
GRANDMASTER,3m3-eof3wyisP-vYjyj7ItMx-1dtZqg6emCY3Ybk3xf99-Y,BRB Minit,489,333,298,False,False,True,False
GRANDMASTER,9eqGuMTbo5K-1AU5t1vNa6r3Yz6O2OdDVmYBsclW69wOgUk,앞리카방송리리스,458,109,134,False,False,False,False
GRANDMASTER,HRKHoCjY2-ognqvI6Ww4hmqHY6YEWEobrhwFRgeLEG9P_n4,no hope team,571,377,335,True,False,False,True
GRANDMASTER,UMwaycvwitDWAU4yLE08G8bG1VqMi5OL7160gUB9_jyRYkA,detail king,563,456,411,True,False,False,True
GRANDMASTER,amHw_Iij1Yf2jZwOgFN8PWf6_VOGeyWQCVPCIa48zCAsDA,겨울지나봄이오듯,310,304,276,False,False,False,False
GRANDMASTER,-rtmfCDv6XB4HRtT0HiFUU4ePqod_yjReeyo6dOx58F52ag,love korean12,382,834,778,False,False,True,False
GRANDMASTER,9rtDT_NQx_KoGCPJmE8GRGyRrgBEBJqr_2rA4vnHeiujhOY,lililiillilll01,321,373,346,False,False,False,False
GRANDMASTER,I8YbO_WrTUVL0hOMPaPJtJUvvKTvb2V5ZSAJb0FIWQ0twkQ,Heros Never D1e,305,371,350,False,False,False,False
GRANDMASTER,Cj4srEHcaTjouiqfDX96TeNcFz-n89YfMRJ5dY2DtyiX-Ig,wo ye xiang n1,571,167,126,False,False,False,False
GRANDMASTER,w765vWjBU3OTPE1n3CHECCTJfcMYG0kCSDFlJEoF3PHVwEg,SSW장형석,332,513,480,True,False,False,False
GRANDMASTER,uYPHk7ibUqgMFFijkMX45imnkNuNrlXovNuE2rQ4wNXYvVI,MCX Gemini,426,498,467,True,False,False,False
GRANDMASTER,pKaLZ8FRy38swezQ6YXZPj-RjCwzLUupVmapXhhLfSA1d48,Anleader,602,627,563,False,False,False,False
GRANDMASTER,KtlhjwzuUE2luHLgTasV6XvTys7DOnk1-bMaMC-Wqu9-RmE,Kur1ko,308,586,484,False,False,False,False
GRANDMASTER,tFlPV4QHYB0e6pop6s1Xd4YjnuWuC4KNiH5wAYQ0PYaYcZk,cexk1lng,615,819,796,True,False,False,False
GRANDMASTER,VRU3VYXIZLkoJZg9jJDwZRNrYt2BXXsL9RmhLJ4xdiBJQic,QAQPrada,354,328,237,False,False,False,False
GRANDMASTER,ozMFFdP8gE9UVSl3o5owhEA3gUB8kM9RSt53IgWDJ8zrcwE,dao mei dan,371,773,755,True,False,False,False
GRANDMASTER,xc2-nlrYml6QxjMKmRjGY-uoIJ9LdfSYpK8vQazBGjwzIw,하프실,523,186,158,True,False,False,False
GRANDMASTER,dpfNwOIZ-618iPU0smlPPSQ7CzK6wAvmq9hnGaNWd1AroJY,SPG Chasy,597,324,323,False,False,True,False
GRANDMASTER,lLhJmjUklq4vr5j5LD1kQf-SI1c7ieGqoqK6QBJSh5kutn4,변쌍호,306,114,84,False,False,False,False
GRANDMASTER,54YNLQ1gER4tLokL9gStq1tmBQya0xInMUuWIDEz-_uakiD2,duiwu,343,235,149,False,False,True,False
GRANDMASTER,oiLGeRI_bOgSYxhbU85tAz19B4jyu2w95qDv1RSVaM2hbEY,Gen G 무,639,758,713,False,False,True,True
GRANDMASTER,uJWCaMA6ayyQ5nos7LtV_5q1r39EspR28w-TExr8tgDNluM,마래리트,282,143,151,True,False,False,False
GRANDMASTER,B12Zku-kkx1gmzAj14peaK20OLbFCWQkDd0hiCyp7emEZN0,Lpc1,411,405,374,True,False,False,False
GRANDMASTER,gY98KuV5wpe-leb4iN9EWb32YRsV9xbcGvgtNaNOZvagLaY,SRB Harp,382,495,472,True,False,False,False
GRANDMASTER,qsRLdUWrvmPUaKgkeBIVGC364CxHKXY6tgNdnzaOAEavicM,BRION Wizer,606,217,186,False,False,True,False
GRANDMASTER,l6vGvhNB6lYXMgXPjRlWFhjjkzd8NwNmgpl40UeY3q-1EA,PMD91,586,425,388,False,False,False,False
GRANDMASTER,s9bJorIXI7Pi0sCegyB6qNv8TdbcazytUtfTiYhOhyPTTu4,94NiaDzzz,364,427,387,False,False,False,True
GRANDMASTER,wuMYRtZ3dtcMGc1HZqs96qwuoZY37uOFRLF2cpg2uvnOIDA,hyckrrwzsn,651,957,917,True,False,False,False
GRANDMASTER,srA3wecaf9zjKreTsjvSCtnmn3nv_zerntYlWWTwbAJuieY,ye tu le TnT,329,835,736,True,False,False,False
GRANDMASTER,bVsMKJltqvPyFB-beggjFqNX8wboClcBlU_sflbL0V_CvUM,EC1996,497,1023,966,True,False,False,False
GRANDMASTER,9xz495JmWrz0EtqUH4h86Nv_raIQE8TJ3Yw5Mud-QXEM18k,DFM SUP,415,178,157,False,False,False,False
GRANDMASTER,s9z-uL3aQo8gfoPT6lMLqJ9J53dNEd_kw3tAQYckKqY-EJE,불꽃남자김상원,437,595,565,False,False,True,False
GRANDMASTER,MRXS4rbDymDGEvr0joACr1ShWizSEVZQF5GF4XuR0FhYqPg,YeGod,550,506,461,False,False,False,False
GRANDMASTER,2Hn1_Sq5XGK3z6CsRBkyRZ3ROkThRPJw0_3Xwk37TkAOUsI,소냐무,583,314,214,False,False,False,False
GRANDMASTER,KnyT5mjWGsU18ldbRiijHtzWI2gbJxp8GzCUDwXmggk9px8,happy game26,290,305,282,False,False,False,True
GRANDMASTER,IJ_KH4CgLVMy-1OZllpjH5emrNh-gBpA6zZRO3UPd-M3ztU,Curious PoP,398,175,150,False,False,False,False
GRANDMASTER,vWuBrcNBC3RL6q-xYFL52QoT_vlHD3GRGqchTt7gSNqbYFU,sosyy,324,775,743,False,False,True,False
GRANDMASTER,ckidVikyKr2TgpUmxD4mNKB7CdCJZ5PSBrOXLXDJR8NFxRs,cl666,394,922,881,True,False,False,False
GRANDMASTER,VHtxkJS6NsnJcTMyl_p1ppMSR5Nz9Vbyjfh5iw2e_kQ8ksE,By myse1f,323,184,163,True,False,False,False
GRANDMASTER,BP3L8n-ZkOOaHiUad4WEB7eEbfIe54nbKFyiNAokHMLnUiQ,huizhen,455,81,26,False,False,False,True
GRANDMASTER,T5cHLDw57eOcv3xzXPZcrO-FPQZ8NwwLNU_03PEiP16CpWA,xiondi,379,190,114,True,False,False,False
GRANDMASTER,2DULKJ-z9xJYwW8LbdZzi04M1f9OxcAFXnH4azGCzcRZ_2g,MikyXD,591,660,624,False,False,True,False
GRANDMASTER,sE_wvkTIzyrnekaxaEbSfjNQUCesa73wyYAUBzQ5tY8d8BY,no dream1,430,514,492,True,False,False,False
GRANDMASTER,wSpaJKOMD9q-pjJ8eCt9wFxmBaZx-eL7HYIZ7EIbuao_s9Y,미안 내가 빨아,338,486,467,True,False,False,False
GRANDMASTER,wNaboaDI86moKBXQJJN1Dys1me93XQfglLaEEUwpQxRbaw0,야 핑 좀 꺼줄래,441,335,301,False,False,False,False
GRANDMASTER,9tQIBlnQj3x2CjMvn3tbvQkINsK1vWrRka2QByKNFN8tWpg,T1 Lxa,575,546,522,False,False,False,False
GRANDMASTER,a6RDqA7y3XfzSpW-n_r_1b6jE5L2vOOyrE-L-QhBq4CbAQU,jiudaozheliba,330,704,697,False,False,True,False
GRANDMASTER,saKjw4_SWGU5rQm2nnUghecql5_Ms5JShk584_02WGCoOSM,Lv 1 너구리,478,165,118,False,False,True,False
GRANDMASTER,gWCgPzWpxAcJDEIkAXXZzYJnTDR0ZH096nfvGrqM7GIOL4U,yiyu time,560,537,505,False,False,True,False
GRANDMASTER,17AhFUGRpkCXsZnx2uj0D_h-H7CTSaTrGRlPBjsHx1T-joQ,why me so diao,373,301,279,False,False,False,False
GRANDMASTER,9oiHEh5sr1PXmeOcOfdZqIZjeUgu7L1WykZ_cAGqajQ35Bo,IVERN KING,272,330,270,True,False,False,False
GRANDMASTER,ZfONSAZyRzyPyfNzRw3bx2UdMYc72aESIA_xb3Z4ExFCoWc,BRB Prep,581,345,313,False,False,True,False
GRANDMASTER,h14UZfotjxgOUclj7lTYZGytuB68Kpnv_Ojrl4C83y7g34Y,ilgwom,566,303,256,False,False,False,False
GRANDMASTER,mD9pF_y4mwCzfwOMthG6ttKzare4xqleuVmVNKA-NM8WZME,mid bot cant win,342,650,620,False,False,True,False
GRANDMASTER,BndPbtLSF61xuYPd635GbtiB6_9PquTr9gtCnVHD3h4yL9A,Big buttocks,528,183,129,False,False,False,False
GRANDMASTER,YG6lI5D3NdG54Pb_2l4lTNsj0xR1MnnkWqTbcFuwbl7eehE,ELaB Unisia,329,532,507,True,False,False,False
GRANDMASTER,_eNOUIqwgQkHNzFP23V24S4JkIpambZ5ju0rkJOgxHG-bh0,강뚱찬,377,387,357,False,False,False,False
GRANDMASTER,60Et-jL5X_vNjLV7RYjm8a8OUydnaoYQI1AN5RK_xZKNEw,I Seven Head,515,934,904,True,False,False,False
GRANDMASTER,zXrLaN_dyte1hIE9KvEIuEgi9gMBgrVa5zjfi6NF4j8upw,mingkey00,504,229,180,False,False,True,False
GRANDMASTER,Iw44OkY1f0cRKXrcYHVlbIRSOb2F3xw0pHLTx2wvZz5tAso,딩굴딩굴딩구르,484,334,289,True,False,False,False
GRANDMASTER,JC6dPGjlLnEN3JAKWPnXS7X6iSKKAb12RAanmWNuSIUiVJg,TKS Teeen,544,618,573,False,False,True,False
GRANDMASTER,TP432Rrdi_LuMnysmZgvBAfCdqFWk4dkGP88TOHdbEvTPFs,xuanwoningren,419,213,178,True,False,False,False
GRANDMASTER,n_fEB72pvpDgAq2Wvnkx6A-Hl9xzER4C2FehB9EKjFwnHdM,언니우기,444,255,196,False,False,True,False
GRANDMASTER,_X82h4sC2rwSPSpA84Q599GzXYuSsmvi0fZl5tmZirc5mQ,Meeq,507,584,548,True,False,False,False
GRANDMASTER,jN5D50dFf6-2lJuz_8k5BjBaxnRqJMS5XDS9c0YsKwf4Jdc,무질량,366,255,219,False,False,False,True
GRANDMASTER,f3fm6YIYFhSqPngs7_btyAPpmNWzqVOtwTCuNxi5SviQCYA,JamDDing2,346,390,340,False,False,True,False
GRANDMASTER,RVJWx22N5jgtOa6u9FsimiCueXAeIEqDOYVC1_M8TCoix5A,에르피디,481,365,302,True,False,False,False
GRANDMASTER,pV7ubMWuH_bDR7uZDFXg2R6O-NDNHkG-P5QvLyzrrFg8Tuc,정글이랑안친함,409,464,423,False,False,True,False
GRANDMASTER,4siKtM6srSUVTCoxxRODnE7tjN2XwLCixcyg9c0hDyqPIqc,Milf Chocolate,572,280,240,False,False,True,False
GRANDMASTER,SIJCMy5-Qvm5FVNRFI9YPxk-Zlv_mGMEHthDNVLVF9C5fDY,zhendeshuang,338,730,676,True,False,False,False
GRANDMASTER,ZuvdbDt53E94bk2FRG3IiCV5stSQWbN9mGE6zzyeL_nsA_8,Atlantean,460,187,156,True,False,False,False
GRANDMASTER,kOas_QiesRdDlHwzWmATXm1RphY_lfLYGr7V-DblF-n_rDs,불꽃남자신동진,371,496,427,False,False,True,False
GRANDMASTER,HhrqFdKPu5gvF9hnORl6s8JL58UlETZwCEjD9uGDja_Dp14,SAUC,613,678,650,False,False,True,False
GRANDMASTER,d1xhtmnyd4mJrNIEW0nsvFDSwqXW691zsMI2yKNhkcztx40,m0wgli,456,430,415,True,False,False,False
GRANDMASTER,ObD2HumcOeey8Xal1Dz6vjeEl9XZ3Hn_VIq-5l7ZMQBFTHc,징징이는징징징징,382,615,584,True,False,False,False
GRANDMASTER,Poi7vMSddzgubQ_oxZwVAm4NEwOz74mXRh4f3qkYG6DWkQs,verylove NINEONE,425,411,379,False,False,True,False
GRANDMASTER,AJSihIVoIjZars7ZX3mCqOiO-PiuGxkzBCV6blY0UKGoi3k,따 균 Dino7,394,745,725,False,False,True,False
GRANDMASTER,xkBS5rcOfMLAsnGYGSSAen0KVe7vhVLEcZc1uEP3O_icyIc,li li wan xiang,303,385,317,False,False,True,False
GRANDMASTER,wOhGTQPrO7eu_sRkjszOoiW_j6XPI0csH1Iw7G4iIh6w7d0,Gyeon100,368,468,435,True,False,False,False
GRANDMASTER,vAVhaGLN8k_4CV_agLJ-9YVgUt9uQlRm_CpVgV2rORPRxhc,dont be gloomy,399,425,396,True,False,False,False
GRANDMASTER,OJrheXDTALlKJIQ_WMrAjiytPW-XvihHDkFw6Eqh1X-0UbE,메이티엔마라탕,402,132,98,True,False,False,True
GRANDMASTER,LsK5kxJsa-x3OYlQC7DJ2l9gG5eGtrb__0-rV7dE3mjXNVI,Neeed,329,345,309,False,False,False,False
GRANDMASTER,WDeYofsHvqdQofjrgN8ZgtAPxO0jj_iuYHhGtJolI-mE73Y,조이보다잘재음,530,118,77,False,False,False,True
GRANDMASTER,8ZdbfsVN17JOItKZ6nhGAkjImtqhr-BIjs-jz5dM3B0tRA,Dlvvlgold,334,446,422,False,False,True,True
GRANDMASTER,EOoNmJswP5o6mgR9aUftf1mzUY8GxMH1eVTNLJp7nzaMjCg,gkstmdals,572,453,362,False,False,True,False
GRANDMASTER,f6pzTc9Q4Cnn6rWIIivCS7Mr0q4EKRBy2nQ81u_N2XXy92k,Saw 1,492,572,532,False,False,True,False
GRANDMASTER,FlkiFjFzOQXBTkvjK3YuP0nKiEQ3JAK9EcVcdjgk1HaqlyQ,bye my love,598,535,500,False,False,False,False
GRANDMASTER,cC_tyQF3QebTI6d2OTb8TOIrBACvi8ajji3oiE0O28iVB6k,페2트,649,407,361,False,False,True,False
GRANDMASTER,CZp2EXaSnVN7RfA44K2YhYncnlWQgQQZZXki3gCfn-__Rg,dasdasfvdf3ew2,430,366,341,False,False,False,False
GRANDMASTER,qH-JUZ9wKBvyoULwy15Nc95rRBr_WKmnPJ3I9nCxlDRyACY,시간의 숲,511,124,110,True,False,False,False
GRANDMASTER,VtH0a0naWZOgZoYDGUOd5XfotjT8mr9EgHmvelIAOdqxI_M,금두더지,351,132,90,False,False,False,False
GRANDMASTER,iWeu6xllyFkVlD06dBaZAv4sv8_ZiQYL4pZOXQaLuox9icc,black kitty2000,278,331,302,False,False,False,False
GRANDMASTER,APUKSdBrsLw818lNZicnFGQdmB_dfsB8zL1bX1Y4ZjafE1Y,ca1md0wn,395,305,294,False,False,False,False
GRANDMASTER,jSLI64qBLUGph6LVhkEjaFvVAHerh27b5bggSbaZCPWqiVU,ANG TV,440,824,800,True,False,False,False
GRANDMASTER,ncivzjlTzZkVWrmJtgri2Oy2XLTrUUBiGsAPSw3H5tfDIg,mapleLv265,551,392,386,False,False,False,False
GRANDMASTER,xUuKswzrp-iVIuqchNnnpUJtw7Bo8rF5iVkzogmJFlKtDXY,맥도란드표식도둑,437,688,674,False,False,False,False
GRANDMASTER,-SK-c0wdJfEMuMjW7iMduF83dqp2tYMCT4PoCBtQg_FdzZ0,T1 Phantom,558,761,713,True,False,False,False
GRANDMASTER,oieaeJUf5rWAEqluwrSD56anz7tLJIjTSfmaxg_o-4LnfxE,귀신월령,456,255,135,False,False,True,False
GRANDMASTER,ibONZcdl4cpcXgIxP-bs-xbUctoiE62riI2Hhbv4K1g1dro,울부짖는마오카이,604,835,792,False,False,True,False
GRANDMASTER,OFXMJcdMGs0SKttloiggOGPcob-IvYZ7wGa5kjB1xtFgBgU,NaruseSh1roha,508,535,511,True,False,False,False
GRANDMASTER,3soHEld1W6XznK4F4yvFINwwRnjPj9n9X7bM9dj5nhZcTw,질 듯,551,540,506,True,False,False,False
GRANDMASTER,SXgpOc3DCJtm1TuxPKfitsotlQ03zgpUzI9n3FxjX5WFrZ4,참포도나무,494,522,442,True,False,False,True
GRANDMASTER,rsQuipar975EZZKI-cqEUB8HjGOdZ3N2W6Sz7jhYQuaOIAI,11baby,330,731,680,False,False,True,False
GRANDMASTER,OPFn6QZhYadbNCicu26acnKBdIk1V2wTJUH-9NdSJYB-eos,쌍수도,426,425,386,True,False,False,False
GRANDMASTER,mvjElAiY5pRX419PFsYuqxCZXCysn2QDdlE96i5kuB5yO3k,홍삼유자차,336,212,180,False,False,False,False
GRANDMASTER,GTQmZexd-_DAgBs6iq_2pmjKLlI6HvHtoIM9Arvsgmz9VXk,플옵가고싶어요,581,221,191,False,False,False,True
GRANDMASTER,yzXK8dIEYSGx_7jqBHookTYR0uR04y4OSzQgFVxM44v1al8,Gen G Rascal,617,268,244,True,False,False,False
GRANDMASTER,PnBUkD_FFNq998CG7qoF8qYAM5GK7u8dMXCqg7iwvHL-yM0,road to ruin,435,478,367,False,False,True,False
GRANDMASTER,F5DiuaMM-bft6S1QxKtk4fZVZI6PYe2wvZ2mg-urdC9SFYw,오월은 여름,405,195,108,False,False,False,False
GRANDMASTER,zfeanXAohb-UJVUrD-ORZQEerH6XLuQ3dEzcTMQdy88_Z3Q,Twitch 조우지1,327,462,413,False,False,True,True
GRANDMASTER,W0n4WEPCe43PjETDx1PZ-TWresrqm8YvnGH8OqCa8GgHuDg,안아프게 맞는법1,298,408,314,False,False,True,True
GRANDMASTER,Qr0F4JiV2AC_E3mLqPNiSaRSKA8X0ma0u7yG76xlx9R-jmA,asdrqwed,387,519,484,False,False,False,False
GRANDMASTER,449DVC2jRuc6C3hw3cX9EYpE-V21StZt6S5_oYZZz4fbqXA,950502,342,126,97,False,False,True,False
GRANDMASTER,kmeJ36bRHdlCHAZoRY3JXX2IhREAXFe6kW4YE1UHOgEa38k,건강하셔요 다들,526,457,411,False,False,False,False
GRANDMASTER,psRHjD4imWS-ZcpE5Giq-AewjsKuEdWK2xCBn4ho_QBtAkY,DFM Evi,435,385,349,True,False,False,True
GRANDMASTER,cTLCF-1HJp6o-VzuygN7CxQ3z2dRc21RXwdd52utxOCdvPE,필사즉생 원딜러,300,196,78,False,False,False,False
GRANDMASTER,oP4Fc3iizF3LzRmxJ_GT4GtwrB44KsZ0OtWxIEKLorUjIbY,성계차이,300,500,416,False,False,True,False
GRANDMASTER,Xbhd_oEZ-5JJAwWErZzschLY0cxAV94CJ0EHKTy2Lz17cUhc,FPXzhaoAD4506303,422,167,73,False,False,False,False
GRANDMASTER,CjJUAdZVLRxfb0Sd19loKQYPpjFy4HnEcPdQp__MaseNRFE,쌍둥이그림자모험,444,244,216,True,False,False,False
GRANDMASTER,QICWE5aQnLDPzm9SlPFGVx-Qs2xZ9tUjMcUqNC6Qi-RMpuo,Freecssr,491,576,531,True,False,False,True
GRANDMASTER,Js6OkqLMAQ_ZNHOQpqStYQXRPUoNOhleJZ45ApkML5Zi154,beishangtime,606,638,581,False,False,True,False
GRANDMASTER,uuBYbX9_zAw9MotLBMEAwX-JSfxoemOCOrmYcm1Jhih0Vd0,Clever7,473,315,335,False,False,False,True
GRANDMASTER,q8Gu1e2XfIxY_RbA1kLeJuf_J8ZS1YFMjc17mFq1vt3Bzgg,mash1marOwO,575,188,177,False,False,False,False
GRANDMASTER,stWEiRJ4nJaAl_NPUqwU1cF9DL1OtgmJ8JJHr_Cg-OxIdgM,Zixunbaby,408,623,589,True,False,False,False
GRANDMASTER,VGCwIyxlTbzwlHNC86MikdgFFYE6hobwCvVfVQWKhUia7rg,AF MapSSi,469,424,394,False,False,False,False
GRANDMASTER,6a8JlkjX-fMz-cucGUNftAQargEv6lNBfKM3b5lom5npJA,GoongTube,300,509,487,False,False,True,True
GRANDMASTER,KPgJZJhwSWKUEeDdvmJt3RNondcqGL62lrYdojqBXmn_rQ,볼빵빵 다람쥐,392,651,624,True,False,False,False
GRANDMASTER,1op7GaVBIAR8DzwfHhF791rqalu1zKT4r6pyRh57jgN5HIo,GAMBLEER,352,1241,1224,False,False,True,False
GRANDMASTER,8XFsY-hpyk0obZH4TFVGoW8htjNBacQ8F5CIM0w4DewxspY,MeokMul,421,260,230,True,False,False,False
GRANDMASTER,BzCrgmyfT6x4QlTfxtXlP8tz3JmJgFEXhv-J0UwRIWodzERP,wen shen z,375,378,299,True,False,False,False
GRANDMASTER,wNn1ZeIsn_vn2ETFux-7ug3esMCiklIPrOQyOxFq6mat2xU,XinMo2,415,442,401,False,False,False,False
GRANDMASTER,P32gx3YatYWDqwQuOPJ8a0cgz-ZmD4p12ocsQPc2G9SMjv4,부릉부릉띠띠빵빵,525,568,531,False,False,True,False
GRANDMASTER,yrLSzmdeLbXi4N5vs8KzoiXNSbj96Nxp1Y8QDZN9q_qp_fs,Safa sup,427,398,375,False,False,False,False
GRANDMASTER,QFSL5LzixQTXMyqZJ0x3wSiM5qmDlqmKDksKfmSnvatjYzY,지누야샤,395,265,167,False,False,False,False
GRANDMASTER,9Feps6fnCwVsWOylgscQr5hMezp6yIvApB7fzHuFrZfUYpc,Fortnitee,304,428,388,False,False,True,True
GRANDMASTER,pQZTwq2G_pmOh5lOLqm3ufuNcZb-FEjoeMdhzhR4CJTYvpe9,ke ai ke ai,503,267,179,False,False,False,False
GRANDMASTER,qpzykcjSk5dNMTcymTWzK1HBaoTiUbEZVH_2KDEfW9bhAQ,오늘점심은딱콩,596,111,60,False,False,False,False
GRANDMASTER,NhgnO9Qgm0h3vk66W0rUj0TRo-h2qz4UzxCTV2CzbmNT_7s,쪼꼬맹이 유지니,414,462,423,False,False,False,False
GRANDMASTER,BvzPPbxcl3N_3dIuKWkOulLQDcnEZsgtLnEkBoy0dA-2JUY,DRX Ggul,340,414,381,False,False,True,True
GRANDMASTER,QJi1iqG64jBWorIxr9NwhvAVNkeILUhIscu0zgGrbb-qfMw,Rise,538,231,144,False,False,False,False
GRANDMASTER,zNbvPmFRdIH3hX28ia3a674y4NDJ3KeDBWC3Cc8yVBEuhls,Xjjun,279,434,425,False,False,True,False
GRANDMASTER,ggWPWFmrLGSWp-oVEkIo67uGiEhZJgj7MxET-dZbuGSubLU,The Do1u1u,555,438,331,False,False,True,False
GRANDMASTER,cuTv3bjCDE9QRTnlEWUIhxuWTAVoAH8sa3hP5RxeJWeGIi0,final resistance,496,213,186,False,False,False,True
GRANDMASTER,KoBMahFOOyZMRwL8JiH1RFDIQq3KYcxhxXo1YNKgph7-brI,langmanbusi,460,672,612,False,False,True,False
GRANDMASTER,trZWEN2QX_ZWZYYA8xUBUvtONJix1kqrpGdhkjke04D55so,xiao yue ji qvq,311,481,442,False,False,True,False
GRANDMASTER,p7cUOqSg7J9DIqdLhNYY6irhootj-0jczipMGnZk7SUD1y8,하 멘탈이 터진다,472,505,474,True,False,False,False
GRANDMASTER,fMHUScaMt45fGEilENNBGJxXXyvkbjIgWal2slWfz5xXq64,Drx Natalian,468,411,368,False,False,False,False
GRANDMASTER,7sTIl08TCoiJD333wPpCVQYiMyG86z2WGNElmv2kbzJ8RzU,wo bei dan sha l,339,628,572,True,False,False,False
GRANDMASTER,erDXHMSeixQRwfdiBPz1SEI7Y7DphBeTKDQKWplbRSOrLXk,Sei3e the day,476,692,690,False,False,True,False
GRANDMASTER,J3I05no95ebkFWbAr3lLM2h60oBTBboYt4nLdwqfeBityRQ,금천구 칼날주먹,601,570,557,False,False,True,False
GRANDMASTER,YV50QpHgM8Agg78N4vCusIkyA15_SEqw8gsmn5LLhPCMhQ,강블린,363,397,377,False,False,True,False
GRANDMASTER,PuaoK43RbiSuviDtV78vbeiJiV0m05xx1JSfz7GIZUdoDWI,baby m1ng,590,542,493,False,False,False,False
GRANDMASTER,SAjRlOBpj9JiBmVhAn5Y61gVnAlcVTEuBNFDeRqisQcs6Ds,에이전트 H S,496,802,750,True,False,False,False
GRANDMASTER,fdq4y59L5bbjV-jIDaaSLmw7udTC0gIuSQc_zuIWLvxLCdI,SANDBOX To1anD,410,864,881,False,False,False,False
GRANDMASTER,fSwwb6flqpfaastfpNc9gPg58GmXfTL1JxjWPIstcObPQA,말걸지마라제발요,302,225,192,False,False,True,False
GRANDMASTER,bKoz-ErGHkL4fHQHfWKFXoeDW7Y3z9T4bFuHLoini196KvE,투비전,421,140,122,True,False,False,False
GRANDMASTER,dbolyE1ltpzhJNr1GTXBs8Q3XyfpEAxkES4QzlY3PO27nlI,Remika,338,430,417,False,False,False,False
GRANDMASTER,5GbWRScGVY5yoBdVqyLTx0hbRVKlZyqgzm4PzhdMcXJxvD8,탈리 아 왕,535,879,876,False,False,True,False
GRANDMASTER,bc23SnF64ODcWu80Byxx_sCOQEVig64YKD69U8kXxwHV6PU,zdhqg,362,962,848,True,False,False,False
GRANDMASTER,z9o4OlcXhyuBZWFGkNyPbt3Eixi569Ri1b9iyBh6-XsCTI0,Xiaoyu Tokey OwO,442,709,610,False,False,True,True
GRANDMASTER,qDLEzeFb2VSD2FK7Y2003XXTmUnEppwea12dA4MThHa2HaE,V5 Tomoya Aki,386,652,633,False,False,False,False
GRANDMASTER,JNg2PXH-iXa9ujVkVN4MMh1dClpsDiVY4_CRgn3uPNrZVpg,나한테만,350,356,327,False,False,False,True
GRANDMASTER,m6oLURAjI2UfUCIuIHOl-3d5Oobi-wHlvxZFAgg4DEso95w,tuinoobtuixinloi,644,561,540,False,False,True,False
GRANDMASTER,E-Wl29wWE3jALeVAKRY3rdSc2jJTexMXh6K-OfCWF1ysTA,흐 림,485,51,20,False,False,False,False
GRANDMASTER,XepsrFQ_ZreQJ1qnvo5H4lkOWvchX2a4N5OSehw6B2btjto,탸 릭,558,325,286,True,False,False,False
GRANDMASTER,keAmeMk817MQjFmKSFrJhL5oMVq5a1E3AVPmBydpZNpufA,같이인천여행,407,119,79,False,False,True,False
GRANDMASTER,53J-kosAxa9mFG-YPkNgl_WConzTAwOTlxauYZilV8-kP-U,IlIIIlII1,550,560,517,True,False,False,False
GRANDMASTER,fL1mLP7D4sYlsubMG8JjxXOhKtCYctgmRlYSLC6XDqZi7O4,lavazz,328,224,208,False,False,True,False
GRANDMASTER,m0HGyr2dU_q5unp_WuhKfEwkMJFPJvvkUqUJOoaQg7T4NQ,Twitch 박바드,343,205,180,False,False,False,False
GRANDMASTER,WNXh_6Hl7IaQikZONU6vrt1oMI-tCQjfwPaGmAlSR8riZw,프래디머큐리,401,291,170,False,False,False,False
GRANDMASTER,siGahTJdc8qEQCWzNAh1Dr7t3sBoWTfcwBxNl8ReAsluX7Q,정훈이의 모험,415,190,174,False,False,False,False
GRANDMASTER,WWCQGh2l0FWH-O2eZUHe0qod8FZJXuGttQrsUgKdhNUiZ3g,haokmt,348,252,221,False,False,True,True
GRANDMASTER,VwhR9gBE-vmvZDyGxyew78h4OkPxaXDbXV_9_JFIW7VHQFI,2019 Wink,430,229,219,False,False,False,False
GRANDMASTER,5nfVhwyvHNT9zucY6kn9Fx1Y-LHqbAQJsOJAFcVU4cozFrM,Lurker1,301,92,61,False,False,False,False
GRANDMASTER,yhucBZJaYSeMhLp0UhYLKkCDhd1da3R3UO7hypGxZdgCDBg,상록중,467,416,383,False,False,False,False
GRANDMASTER,vfREIePXSn1I18st8m4ZRNkqIdy_eTFmhJHZDCHJ6C4L3bI,에이펙스 고고,430,576,542,False,False,False,False
GRANDMASTER,ik1bFGZqK0IW3LWoPYxIWsZEPucZcBWcwGzvB_ChZ5l1fjk,hadff,351,186,94,False,False,True,False
GRANDMASTER,30d7gzNnfOYg-BFhRxtasVJm6jJeAjbX8_q_eFjttjfZVRc,chenxinc,388,345,313,False,False,True,True
GRANDMASTER,P3q00AOquK6r_nBS25HLt0WeejfGPpP5t5b4bBxVvO4d21s,SANDBOX Natalie,624,482,443,False,False,True,False
GRANDMASTER,xfjM-lwwf3DWivttzuOYBuXKiOj_l8gQxvwLIvdfFv7160Q,SANDBOX Punch,461,523,505,True,False,False,False
GRANDMASTER,Eky31XNsnONW3lzgx3CnCxcubibvL1-skL7jc-RTZ_yxYNQ,모찌피치모찌피치,605,633,595,False,False,True,False
GRANDMASTER,zm982mOs4FSvmJDI3bA701vt23kreyGjf77Oqq0__nLAQGs,HLE Lava,444,459,438,False,False,False,False
GRANDMASTER,OoAmufr5xCx-em3Pn3RqKrwWPyNvQzJGsPbPEqGyh_XG3-8,ca1hongdao,441,774,671,False,False,True,False
GRANDMASTER,C4To9AZAXbMnaerc7Gphznb3JQ5QgqMRpwWaK3RNO9As6d0,서폿은 무쓸모,362,207,169,False,False,True,False
GRANDMASTER,418Ha3ZBCkgWmoqq6HPaF-EyFdVX2MI_1vjHIYpwfFNuTmw,Ereve,318,134,106,False,False,False,False
GRANDMASTER,Dv9jJWi63VtwR276vfpoCGJYWAmcls7DVKPsTQ044sTm-lU,hewon,454,458,406,False,False,False,False
GRANDMASTER,LEbZYUpS35v2N17yTtojYEOWiFqeUtb6zY82BJws8QjSfQ,DRX ZzangGu,395,722,701,True,False,False,False
GRANDMASTER,FcRm5exjTeyY0naWsttpMzWEwmEeSWcRxsWG_TmDl0fj7Kw,TW 슈가몬,616,490,453,False,False,False,False
GRANDMASTER,vIUSolbXscbdL0NZtmwRnOUGOyhURvHHXc902DqSroW4ZrY,덮밥9,408,735,712,False,False,False,False
GRANDMASTER,Fgri5tYiPpAg7JpCbm_HqwyPo9Dk3Nc9O-lt7KVMqNdUS8Y,짐승 ad,429,1170,1144,False,False,True,False
GRANDMASTER,pr0wsj3YEpvBkCTkZ3vQGo8KBH9YPuEFryzlj2cKk-mGab0,lianshengming,350,432,350,True,False,False,False
GRANDMASTER,xK2F__v8NcDoHO1G6D0pq6OM1HaC5dH298s49QIjh--ORsw,A2 c1msu6,332,443,398,False,False,True,False
GRANDMASTER,9vS6bAok3Zk_88o313g5NtBjfhTm9_agu0N9KTs2rWjTln4,함 알,430,648,611,True,False,False,False
GRANDMASTER,wXN3fR3eNOB7-192Nc5zs-YG27vmuJaCvGU2Bdy5qAa_vg,려창동,627,344,303,False,False,True,False
GRANDMASTER,jkJMGVAB6wPTHqHUpwfDt2W27gA_o5z0dS6LvZ-j9YbTrBQ,깨기 싫은 꿈,593,210,175,False,False,False,False
GRANDMASTER,KHmszzbgSydbmSfB659m-mYs9Po4vXddy_MPikeYzWiiKa0,Till rapking,434,746,697,False,False,True,False
GRANDMASTER,ixVu--4O4LQBo22hCj6srR0RMvpjr2qEsWqwj1CHUK_PgPY,결국 신은 죽었다,363,282,251,True,False,False,False
GRANDMASTER,mF_nGQRdhHkrcn4nbCAwstowW9a2CUfA33XwY6SP1tk1E5s,더운날에는비냉,580,328,263,True,False,False,False
GRANDMASTER,yrAw1qb60rJOk_jbia92xrDONyvp2JLsSxdZEN84MeI2pBE,롤오브레전드1234,299,172,128,False,False,True,False
GRANDMASTER,DcphKoV3fDMJCVJU9jAiGYiEe0-ITtDxX0VzjJ7FEoUOxx0,ke lian ba ba,445,649,625,False,False,False,False
GRANDMASTER,U2l8aMfJYZrbczMHGYbnbaZjY0Io1BqFtkSGuxUuSUd-WXw,04년생 원숭이띠,402,390,239,False,False,False,False
GRANDMASTER,99_OycRMTgOHIVAQW-1qXwwNBelYLDzfXiW9E3-A2c6bmwk,후잉    으아아아,559,106,63,False,False,False,False
GRANDMASTER,HDQjCOsJdoTbAC20bnK--UFeV4ucsq7kRYry8USkjopNDZY,I cant stop,605,472,445,True,False,False,True
GRANDMASTER,WNRbsWdDxVbJszvMprdGA4QK6RvaqiABq7v-T5HblfZ1qtY,Savage 20,295,1010,992,True,False,False,False
GRANDMASTER,gxe2Y7zZ6OTxjwu4TtGoqzQVKA9kK-hmJaTpUgPdkhWZqG4,Ayue baby,453,636,545,False,False,False,False
GRANDMASTER,ic6DtIRN7nFxeTE9tqieqPDjEg_Xi2F-bMMlW8aFXuk9QVs,발로란트 골드임,604,296,268,False,False,False,False
GRANDMASTER,BMUpJ7U5lo68M0EBPuqsm-hc6VGCkCuXi0jg-5qMz0cIGWA,충대20응생김연욱,334,569,546,False,False,False,False
GRANDMASTER,9gAnEk_Cedvgo-1GdSpX74WsSmftHO7ic6mv0C9JCdI_BWc,BJ서준석사생팬,579,248,219,False,False,False,False
GRANDMASTER,GRHUShcJOgB216Uuzx9XCfp7-hJ_IO-YZ1pd98wKPijG5A,10월 토끼,361,94,57,False,False,False,False
GRANDMASTER,xkY9Rx52yXabmiO0w0Tk99VAG0llPiMhA8pxLHNYgB4bW54,DWG Ghost,538,409,364,False,False,False,False
GRANDMASTER,Tptl4cfp3fYcvEjE0fH5MK_PtXAFGsUwnK0e1mVWCPfmyrs,Jianguoqiang,397,722,696,True,False,False,False
GRANDMASTER,PFsG9l5KF8qMTGsnxtzF-2_NwmLxbDTxahdgp1q3z0U-LP4,BRB Swamp,595,808,752,False,False,True,False
GRANDMASTER,MjEOXGGMYNu409UIMqE9ENIxjW_eKDTi5n9GfO2b-OoViYM,Chu9,621,246,197,False,False,True,False
GRANDMASTER,oWSFaTQeomHZ9M252lkA8t0ghai26VRGGyA3enYJ74JCc0Q,Re0start,574,611,557,True,False,False,False
GRANDMASTER,swgTXZC8wS2i3ir1wDq7NOIA-KiMdBbAwYkqnvBKAUyXIhk,MCX Bruce,535,669,633,False,False,False,False
GRANDMASTER,Y4qqRY-ZAoCGBXOCmWp097HBtM0oalGX9uFYTKD_lew7dfw,스위트 패스츄리,294,448,428,False,False,True,False
GRANDMASTER,lpM1MQJme1F3j1ignJzFFnwXYHWqjIN4SlZidVhoCenYGUY,hongyanmeimei,298,551,527,False,False,True,False
GRANDMASTER,FkAN9KyFs3GGnFHOFfK-k0u16jqHgwE03eDyH88H4EccxmE,왜고민하  느냐,428,937,858,True,False,False,False
GRANDMASTER,LOGVaR2HD9QQJDzqK1wnuCDtZVxxEkHiNAwbEcgi93BxJw,Youtube 성훈,381,295,267,True,False,False,False
GRANDMASTER,SxSmSm2wFv27pRJzvQ7zrK-NulxzCAcosia5hv_RxvXUeLY,happy   game ,639,881,791,False,False,True,False
GRANDMASTER,SP9vVmI7wHEGAUDCtSL0X6tMO9s4bWNgjPvykmX3kR_zYK0,Last Sunnnner,322,268,222,False,False,False,False
GRANDMASTER,3hVcPhJvws-S05nmRPW-VHn1F44xmUwD3w-GxoknkhdH-UY,AF BuLLDoG,460,276,183,False,False,False,False
GRANDMASTER,HqoixQExXyl1WM1-PP6v8FnTpuTVy8jsLXH0IU2ap6mktMs,shai sensei,325,375,353,False,False,True,False
GRANDMASTER,Q3Fh4MbwiPZJbyJeOwVHSMp29z6cfmhXk-R4wDuI6xcib30,wuwuwu wokule,589,433,388,False,False,True,False
GRANDMASTER,X-UVVA0hBzkrAiZSaVuoRU5E96BFRv9BTvG8Y7mYFi9LWnI,중식이2,291,519,498,False,False,True,False
GRANDMASTER,L0VM1_HtK9t1uIl1UwjCS0k5IAuf5rpUT04ELR1Hk0h1uwc,룰루보다잘웃음,416,318,298,True,False,False,False
GRANDMASTER,j-HsVtSEzsK7gw7ogPkBm4Sub4zQ3-dWTzrZy0UuCVb7RSQ,아이셔,321,104,21,False,False,True,False
GRANDMASTER,H5aqTT5XMyCcLZwPwH7gbpE8buvmLV0MNiHW32fjXfBvg0_7,conglintufupp888,431,176,96,False,False,False,False
GRANDMASTER,oiYgnOLfUMiyrTmeO_JF5VeIG4Jb8chnC7UJboeAdowY6A,써큘러오피투,316,597,567,False,False,False,False
GRANDMASTER,ZHUXCdcP16x4RgZ98YVfcqAAUcNBjEdf2Kgv3mPr7iDSMEU,Calm boy,300,184,113,True,False,False,False
GRANDMASTER,zoQMtnwwgGiJOlu2t8tm2FEFGzuKWSv_B5SseTRKAdRD2_w,paddle물 person,291,374,352,False,False,True,False
GRANDMASTER,UHc-gSJpkGQMR5O5_KRuD9OWT73N27Y6Fgm05KblKPbHi5Q,베일에 싸인 사람,367,172,90,False,False,True,False
GRANDMASTER,uzACcOloVii1LaR1rG1V5U7TqxyX3Di8U2cp62nhmqn2_Zk,qkrtjdals123,340,261,233,False,False,False,False
GRANDMASTER,nIhZe8QTKu3A0r_DAz6p0ovDZPvz0FcNhgdlYRv7Ur01ucw,KDM HIPO,391,420,368,False,False,False,False
GRANDMASTER,YDoCID280R_PxQCyo88EMpjOA8_wbLldEMwtuwJNf1N3NQ,김 꼬북이 구른댜,441,284,247,False,False,False,False
GRANDMASTER,r4DFypFv4PfqxJ6CHpTMzebhJV-XFqZ8k2kA1aecoU-of0Y,srysry canwin,373,490,483,False,False,True,False
GRANDMASTER,87mU3QwtmCHjCSPde0U0NdCoVwmkqNppcjD8K77xACpIxGk,hf ghkyu2,513,384,353,True,False,False,False
GRANDMASTER,tObdhmu0mBA6eG0Z1i7SUPkfSiNqsWwFXKrALZtCxNnaBF4,운이좋은boi,566,386,341,False,False,True,True
GRANDMASTER,ptOh5YRpCWpgFawClSy5W2jPRtQe6cIJRNP3M0aTvn-F4g,OZ SoaR,331,134,110,False,False,True,False
GRANDMASTER,3MSXEAjUWnDTOXUFwxueG7RRcfAdQI_Y-NXb4Nw1oEGnS-8,진지하게 대하다,510,677,655,False,False,False,False
GRANDMASTER,5OMA9F7LWgqRNUX9Y-bd4m4b5h3TPMgVAapZ-VCeki0CwfY,Rage on,317,458,423,True,False,False,False
GRANDMASTER,0KAkHz7vBGGiMzmROKC70HijN1wT-mQPo35j1O6qEJtxG4k,유능한 뱃사공,307,172,154,False,False,True,True
GRANDMASTER,LwKbGeJ_o3yfDXj3ROY_xSIdX4MsJKgvksmo5gHeT7k4qQ,말라질꺼야,333,205,185,False,False,True,False
GRANDMASTER,iuk0dQ1fNVqKG-NZbAQ-aqOmq0o4yrjdGmY0LFI4-PnXPJk,asdf숫자,303,254,241,True,False,False,False
GRANDMASTER,znQWkSTRISv5-Kta8NQk4kT5ejaCu0zB58qHW9Yw6qBjTrw,XiZe99,376,191,174,False,False,False,False
GRANDMASTER,9LN_WYyltxUmo4dWnPFAocp6cv2sGA5Bek9zjwYWMA9RPPw,Gen G Lospa,438,215,177,True,False,False,False
GRANDMASTER,3RqoU5W_Ryg5U51AxtNDr_eHz2bW9NqHpe205X1kyTGL9nk,Gen G Meaning,521,921,896,True,False,False,False
GRANDMASTER,pHIiW_r7OGHHs2mw6u6wC0G1jDQtlpUTLrb8-0YiCGqzAcM,fan qie guo,469,597,541,True,False,False,True
GRANDMASTER,my_Mduqo7nX_rqjsJXEhCyUsmJIO3eG3SbpgdFM5rX4CzrU,Godjuan,454,477,382,False,False,False,False
GRANDMASTER,KC79gdRW4P0Paigv0bIqbcLKoQ5jNsl5z0dXYSXEIce9PXU,SANDBOX Datalie,298,180,154,False,False,True,False
GRANDMASTER,p-xN_mxUHto69CvqOT-uYmBf8KAxmMblPCGcsobcnFm5SA,이승용호야,555,308,282,False,False,False,True
GRANDMASTER,yNhW2UCKaiUoKz-pXjaUA-_8CCDpcNqO2Iz5lKiSYnu3Tzg,Tks Bengi,414,387,359,False,False,False,False
GRANDMASTER,mCdOOuluhqnAr5YEhvM8fMyjn1lyfXsI1rl2-Jt-akNU4Gk,무우오렌지형,572,525,505,False,False,True,False
GRANDMASTER,8oQLJzhzHt5U_tvm_zoVmx8dNKJn2NElG_-eL5pvSvPWOAw,권 예 솔,292,173,115,False,False,True,True
GRANDMASTER,V09BMvvvri8S93Mj6Ibup_TSE7k1JYNGRAOMV2vezEobAKY,기호1,567,293,261,False,False,False,False
GRANDMASTER,8HcV-XoGbvIRCTbX8kj2_LCnrYJJtFquUd2p17rdq-6610jL,9River,516,111,74,False,False,False,False
GRANDMASTER,_1lVB1nLUYKeUQLBJ4oRSjWTfZ9IopIfMGTRHdt-EKHuSAA,awdqaaaaq,608,752,718,False,False,True,False
GRANDMASTER,HHxkLSwEH8UEbQpBN7B5rxEmLXhiAJredtXCw0glusF7X8I,osuosuosu,301,226,144,False,False,True,True
GRANDMASTER,H1YfqNvv7IUY004yX8Xkkwpu656wbx0nBU50WaCHpyVSaQ4,name4564,348,629,667,True,False,False,False
GRANDMASTER,w0TAMF2D9m7rNfHlqVzHc5Ytl8atNd-Ft_Bpf9XFM7UhQQ,Be Changed,291,174,141,False,False,True,True
GRANDMASTER,tj4pXimtyZvNnBv_LCPRpGRlFIcJadft4-XW7ZNpReACdVo,IIIIIlIIIIlll,362,152,67,False,False,True,False
GRANDMASTER,wq0r6ZAzZqi1BL9zAa0SImSW9ZsFZC3-9r4bjPx5_Mw7SLs,tnedifnoc syawla,408,89,53,False,False,False,False
GRANDMASTER,52dE3XyANpdksdclIM9XBTb7tCLXYdVJN9l80azYN5AN_RU,like cs,434,584,594,False,False,False,True
GRANDMASTER,WREfslGk-cVsGda3Ezz0QOrxDMqMntuYK2WHmH0PPPRVEw,hi lira,337,284,267,False,False,True,True
GRANDMASTER,1NpzPZDtjJYk5luG8raspLDg7I5v3or4qv_zfFp6N6WxooA,Adorevivian,299,454,444,False,False,True,True
GRANDMASTER,zG7b8ym4B5XRzwrbI6VlwY-r3sj2t43rP_aKZldcgg0R6yg,DRX 준,372,188,100,False,False,True,False
GRANDMASTER,nWAiwhWDaKdoMlSVlM3ZLHhdDgPSjchFT4sN6n9ZybniQpQ,준탱이528,402,277,268,False,False,False,False
GRANDMASTER,i2omTTnyf3WqMKUJI3m-CqnYqCVSXYt5R305IKPP1Nsgp7fS,Hiod,468,189,102,True,False,False,False
GRANDMASTER,nx_EPF2KowPmNxAmBQyGoLFr51vgc0O7T0CoLr4JZGimCeE,뽀허니,344,564,539,True,False,False,False
GRANDMASTER,7WWSqsHiyaZ9jKuXlv0rCljCosfUtspVSN7BuO3vt9YvAA,유러피언골드핀치,345,371,248,False,False,False,True
GRANDMASTER,TxyeKyOV4HDAaq6DuVLt9D5BZnhYPvRSoXbQVDlAtXvBBEc,튀자튀자아,301,465,451,True,False,False,False
GRANDMASTER,6H8ZGjT_zFwiSJNXvzEMxKzrwnoglGz7cUTdn1p2pgkD6VU,볼붕이1,505,476,386,False,False,True,False
GRANDMASTER,nMcORAYKgLqkw5dCJbN-Oo4ehOoRsOvGYJc8E2y7GUJyQuM,BOWNOW,601,296,277,False,False,False,False
GRANDMASTER,DEDttBza7UqXk2fXKQ6JpvVZVTSrTSPYF6r4KbS7LaM_YNI,팔월의후지산,430,573,531,False,False,False,False
GRANDMASTER,o26oswKCjNOb2pQ97zRxCQpc3_cKkDurrSlCbeF_FxveRag,인스타2lyn예뻐요,299,228,201,True,False,False,False
GRANDMASTER,D59H4KZ_kTexY2ansi-9BXGiA452a-Ui60-SiSoydFuPMs0,전설의용사엄정재,313,278,244,False,False,False,False
GRANDMASTER,HURKSyXSq1zhkPtdTK57vQ9vhZRahkVqut4NZfhdlv17Bw,novelnandos,304,299,267,False,False,True,True
GRANDMASTER,kQb8Ta_PEQWyFgjWLxNQbZb78c6ozpxWBX8b4rTPXQx-hR0,삐삐계약,456,433,412,True,False,False,False
GRANDMASTER,_Eim3KdeSiDR-ssRIHp_MkktAugX2Gz4rNBtz6XFHzg38Is,가짜 교관,317,83,51,False,False,True,True
GRANDMASTER,N7rMZ-BveBMz1EQrvGNB_X2CDOEGJpTICdrkF8R4o0sQUlk,shameiyouzi,582,320,297,False,False,False,False
GRANDMASTER,hC1lw_7-YwzVKNXe8GHcaxTN-ism1z0su67Azs7iXQ2u1_0,8acemaklr,409,598,580,True,False,False,False
GRANDMASTER,pDQm3WyJg7c7zO2Akdi2-0pgLoTQ_8j_iClXX-VHRE8AQ6U,Chen Wei T1ng,405,980,972,False,False,True,False
GRANDMASTER,Rax3ZukrMz49zdmi0isOQ_ldWI07WjO_L9Irsb8yIyOMnQU,Gen G gyuvee,324,931,931,False,False,True,False
GRANDMASTER,DxZfZgEzi49TTCV8p8dEwRbz3Kgl4O47Pyg4Ukgb6wETW6Q,스펠체크와드싸개,304,270,177,False,False,False,False
GRANDMASTER,VK41vC9DGMlGX-etuMJ8HMvmejZwjbTlfKtXV84IP4lM4rQ,불질러,460,224,225,False,False,False,False
GRANDMASTER,6LC8csJE6qLSRo11hEBCs1R9aYl9OIJt5AaDjrexsxLl4f0,lure heart,578,181,150,False,False,False,False
GRANDMASTER,KKr2eW99wGrEuszQsMTfjHR01aCnYQi0RWLYJcYt3WLk1BA,쿼붕스1,320,313,286,False,False,True,False
GRANDMASTER,eXKyHXbbhu-f5ie0JgUnmA76vpF2BPDvuVZrfnB0bAsKE9s,Ar1a,592,682,666,False,False,True,False
GRANDMASTER,bVjx16jAiYJI2eBIPozuHNgDNp0mSaPnKAVdb3QVW0vvZrY,IAKIL,387,992,947,True,False,False,False
GRANDMASTER,_nXcUgJTJvnkjb_CR6rOlNeWu46ajSs46xUAKWzOODvea44,Twlsted ,598,356,289,False,False,False,False
GRANDMASTER,WtYrGeyld1mBemwrsLRpJl0SNS_hhWFOn077prMGQJqF-GU,TySw,492,453,349,False,False,False,False
GRANDMASTER,7vN9brdtONQBX_Jhj1Vnjtze5dCXO5W05zva4ZNkfmYF6xA,더높은곳으로비상,329,231,196,False,False,True,False
GRANDMASTER,ao9gReOjQdKUiYbeI5o7OKt6yD1DsdNvjtuOjs7ZzY22kbE,가위바위보달인,548,205,163,False,False,False,True
GRANDMASTER,jVCxOPaARWS-7jdaZCaa5HwvPOPJI0K896ODS6Mt5-ReQIk,연아 베이비,473,207,123,False,False,False,False
GRANDMASTER,P--ALGfTuy1MWu3YAkde0-FvUXd7ojjpgDczlqWHcfPCAdA,BLG ADD,591,115,80,False,False,False,False
GRANDMASTER,Jr_dOPU7Z4AYJUCY2Vc5kaJlDj4dHJfheGzqnkcvn6LxUGM,Nanachi mofumofu,355,387,295,False,False,False,False
GRANDMASTER,yV7jtzw-YCfh_GVU02pr3pLUZ6naqs5EJVl9xIfYvdk6Y0U,yutazz,543,382,336,True,False,False,False
GRANDMASTER,1NtLNRFMzaxrIEiQd05XF9gsleOxY0QW7P6Of-2LM0x7MA,Tuan Mi Mi,299,162,125,False,False,True,False
GRANDMASTER,LW7EUCqqTpw2zuqStsVyI4qoylqh16IaLfi61SrcrOOANcM,ke ke ai ai,523,375,278,False,False,True,False
GRANDMASTER,flUopZuPkcq9h-wZHikwpZp0GmzQ9q2mSXeYX4YajKrmyDU,트위치김수당,353,406,391,True,False,False,False
GRANDMASTER,ylrd3ztOt0J3AkukrXTynbI7u9OFJzhyab2UetDJ4SIVjOA,여름별미콩국수,458,423,382,True,False,False,False
GRANDMASTER,luKihAY6pLJ8Evj8jWF7vDBIzcej69E7W-ne9EtkXEOQtiA,Destiny YouTube,336,416,392,True,False,False,False
GRANDMASTER,FF3qeRkNIvmaPRIwMJPHXmoehIMsLlU0FS7rXGVj17EA5A,p2nic,566,104,105,False,False,False,False
GRANDMASTER,2zO4EOI-rzVg4mfakvVnmgtEtAczxmyzx-XM2yVCgRCclnQ,내가강만식,595,189,182,False,False,False,True
GRANDMASTER,VYv5RzrBRilsahNeQyZMnVB2n0r2YCcqDGN-4N-lG9HPevo,Nirvanazz,585,803,815,False,False,True,False
GRANDMASTER,W_H1b_R0r_IHeS8qLu0895VRqYVILSH6kOp5kJYS67mjyXPo,갈리오 뽀삐,507,110,25,False,False,True,False
GRANDMASTER,IMbpjKyhB_72nyqThbDotek7nmBM7rSsFZ8jxGOqWuwtwA0,AF Na Kyung,575,468,422,False,False,False,True
GRANDMASTER,EVIwJRFek0mbKpTai0yh_DXPOfPV-UFh4XXExYgzwgtnL6U,헤라클레스1,363,622,585,True,False,False,True
GRANDMASTER,3PtKIs6h2YG7FESh1-LcFZgDPK2BNf3_uLiP3Th7bvKnbhk,김촐래,617,138,87,False,False,True,False
GRANDMASTER,kw7_K0WTDBpxzb6x53-K6IzboRj1d3KlHwSLDxKUQ0zJIU4,offonoff Colde,296,341,318,False,False,True,True
GRANDMASTER,cYyp_JAoXCr4ONXjI2q7drRKdd39rmpkPydASm9CsiivXp8,에스카노르 킹,471,393,369,True,False,False,False
GRANDMASTER,XO8xgRs040UIPBaubMlKcZf0s7nbKWGczq89vfO7_Qe8RhQ,Lumen AD,513,324,217,False,False,False,True
GRANDMASTER,jPidY0xq7L3w0QO6ZQCD6pr6p2ujaATr-SpQNwt2T69jCIo,소년가장 원딜,516,308,203,False,False,False,False
GRANDMASTER,2qrZ65YSWHePXKugX5vX0fkkzaPTvd7yms80GXoEMH-L-R4,갈망 하 다,581,526,468,True,False,False,True
GRANDMASTER,ooWkseRx1cTOT8stceE1XoXilFJjjgjUP2_2Ev3WwfzGrg,못먹겟어삼각김밥,330,355,333,False,False,False,False
GRANDMASTER,Ndj2NrTO4mYhxP-xVpyb-JCg_6NIOSLPEn9uTGzjnF2JCpnN,FPXzhao4506303,376,313,238,True,False,False,False
GRANDMASTER,xGvIJ6_E8m6QL65MTEQ-9kAM29lUOow5pNIM544rD0H1b_Q,BRB Mightybear,485,609,583,False,False,True,False
GRANDMASTER,45xR472TsSWNLGKbIrFl_eNH8Ck7qkf_NNvZGor-zuy6Q6U,MS66,429,114,86,True,False,False,False
GRANDMASTER,HpmkKiCtX5RTOcSCiOM-AcF65ceiSI8RZa41d6cQNPQGpkE,hy2rwt,642,888,844,False,False,True,False
GRANDMASTER,EaUGTktjR_m_no5xCd6fBzlRand3MfzrLwDpsz4uyvhwiGI,Honey0908,295,164,138,False,False,True,False
GRANDMASTER,3kIL3VM6SSYsXJns7FZ4Ucm0f6eJoTxx0CGdf0BSNoMRvQ,qwerlolol,559,362,328,True,False,False,False
GRANDMASTER,VF95glAoV1uvJHAMWgRMuXX4C6bsAC804fMaVd577ebF6nU,yangyu XD,590,322,269,True,False,False,False
GRANDMASTER,8cqd5V-bPiMERAm1HeWHDR50bv5Z0hI3KJDLL0A9DxhpHlY,건드리면누누함,488,243,218,False,False,False,False
GRANDMASTER,7JHJTNYozfmCjT4uA-U_4aDamHXz_FiiE9ruvHHJh8KneIo,ZILZ,355,284,230,False,False,True,False
GRANDMASTER,my6CeBXOKRpjmqV_FQtOm4DKXyOC2CoRs7J-RVQgBc_q9ks,수금토토일민우,472,179,144,False,False,False,False
GRANDMASTER,csqsgolxoNuFdidvXZkYJZO1Yg1qn_8l0kd4AZekM2zHD7Y,vvi2,349,152,124,True,False,False,False
GRANDMASTER,PwgNpn3c2EjKFs0m6llEeOvBszWcH6rE3u6AGVLfk_ud4c0,lai zi shen yuan,659,365,315,False,False,True,False
GRANDMASTER,XDRB8jFIIzsFP-2Q3PptPKlqsm3dFD7gCdgjj7NYga3kW6o,xxxss,559,367,320,False,False,False,False
GRANDMASTER,w4a8-uFtbEJPyzsMY7EEwRYdWEvB85aKNzX5vgzUcF0U478,EM Karas,564,697,651,False,False,True,False
GRANDMASTER,CPsKdFQXGM-LzcGcMH0f1LTW8q4ahNw_-jHlPrO6hHYgoX8,The clock tick,352,480,461,True,False,False,False
GRANDMASTER,2HW3LgJXaiVRlc3fkizHo0sFP1B9dwRy1Dupsni_oYFEiZ8,T1 Berserker,598,533,537,False,False,True,False
GRANDMASTER,uX5v02ihRBQ2qRR0PDLowwl_y06MOLKInh1b0Rv4JXyu7A,제발바드너프좀,301,173,121,False,False,True,False
GRANDMASTER,g0GlRLCqV6RNC180WeaUlI4KIoa6ZlGMEa5_V_c-IDpCFfc,FPXzhaoZD4506303,572,594,506,False,False,True,True
GRANDMASTER,xDxWrhMW18u87W5HSteAwwOJAmE-Z0MwthOII9eLJG1i6Ys,FA Serenity,524,322,295,False,False,False,False
GRANDMASTER,cWkCa0mASTt1GBGDOEf9T7d2u3x-EMtRiqNVk7H5XygFAbE,gjjefdj1fadsk,364,269,194,False,False,True,False
GRANDMASTER,y-9jNnVrWKkmM6Pu04iWxnPw9rb0PEo7p-h0QiiYnXjMWCY,King of rice1,569,684,651,False,False,False,False
GRANDMASTER,8js8doypu7w9zTn6SB4JdFFBuvM5-_KNs8dvlOi9hAdThYo,yekongdexing,363,349,344,False,False,False,False
GRANDMASTER,z74FtFK_efRiU7oF7BweBybdsaJh1XRmgSwIHwepYC1sDQ,DODARl,308,188,150,False,False,True,False
GRANDMASTER,ndsBijc9CC2G-U6Zsvg0k9mVZk7nOV1VvZM-aqp8eK7p9Yk,Kada,522,447,457,False,False,False,False
GRANDMASTER,tiKiTkOqVRsJ74uUWA0yA2NP3ZqFSM4M55wKT0IT-HChCoY,Stitchy,543,161,112,False,False,False,False
GRANDMASTER,ETVQL40LQyXK7xsuR3rHFcxmFXIqwiqGvVcXnA8RZuXiC3Q,탑은수튜브1,613,468,409,False,False,False,False
GRANDMASTER,w-IRNKatR8Wm_e8IEgtpOPioj0G1qky5VWGtthkvyycakUs,321321123123,487,406,375,False,False,False,False
GRANDMASTER,SXHz0pivp7ToZYc_KK0_ehawa7l6kJImsKi3gXe6sRzstm8,호잇이,570,803,768,True,False,False,False
GRANDMASTER,bTPY2ZIwU1on5k2Re3xlNxb6GfhrNxvpzbqSj-wQVAJcWNA,계곡가서라면먹기,321,177,152,False,False,True,True
GRANDMASTER,KHTDyxq_jwiRhuzs54Akm7P0GeMdwVpZmPgdyf3kSeN-q1o,yan cha xp,299,261,234,False,False,False,False
GRANDMASTER,z5j3gde9Uhv17TZ4u_ltoEkRZ7lj1tBTfxE3vempwkP_6Kc,정말요,291,237,207,False,False,True,True
GRANDMASTER,I8y3Z8iwO7VAXtk4FO3ZL3p2KPCE2AvG0t3sMcX22VFtp1o,ELaB 1day5egg,373,211,180,False,False,False,False
GRANDMASTER,LyROxnDb9kvgW8LqLGoXCpoDvhTWzAKp-qI1erbNZOk7c80,하하나야,514,336,300,False,False,False,False
GRANDMASTER,PZ28uKMBxVxIC_XPENdlk80EOeAsNbzRk4F708HzeBH8ZAE,zhengqu,290,760,747,False,False,True,False
GRANDMASTER,j63TSaMfqXnRgGWtOCUgeu4x82Wl-TIoLO7l5nWiicHi2qU,자담치킨 10노맛,297,471,445,False,False,True,True
GRANDMASTER,b8CrRwzmsB3jOTKRmu8Du8x3sma_j50FJnjfoGftujCUw3A,엘리멘트 미스틱,594,228,212,True,False,False,False
GRANDMASTER,LW8En8uo18F83OvjJt4P-HZfHhMtvwa0VE0wUE_F0B_p0Zk,midnightlights,374,195,109,False,False,False,False
GRANDMASTER,UB8wCaf-BYbuH1SmhEBT6ePD4VJW3gMm1ySN_5_5ZYJ4UFQ,kissing me,540,584,555,True,False,False,False
GRANDMASTER,3MPOJMrADYyjIInHmZmS-R-nRtopyUm893lHzpkYkxUh6cs,Arrowlol,639,256,152,False,False,True,False
GRANDMASTER,_LnxA0Ev1T64auMAyFRISHIXBrTk-D9mk8PEP0nzdUuN6CQ,Qyon1,412,386,298,False,False,False,False
GRANDMASTER,TO7TwPyStlY0LID8n59-fMdiMwHw4HZAReWd_v1fcH0UY6A,Lang D,310,212,124,False,False,True,False
GRANDMASTER,zQd3d_x13304dX41UBTBc55J4T2FnC5oB3wj5AqcWoarb4E,xinqinghao,560,517,494,True,False,False,False
GRANDMASTER,ZCdoY1VSjRY6C6xcfge4E0bckWmKvPbz7iCBK27WCtkz-YE,9LL7,475,635,618,False,False,True,True
GRANDMASTER,fQQhV1MG0c3j4GpsCfriysGnEfBdNvDybqsSogAPp88fTgc,Spybreak,303,721,716,False,False,True,False
